Time_(s),Temperature_(C),u(t),tH_(ms),tL_(ms)
0.83,25.94,440.90,833.00,0.00
1.67,25.94,129.58,833.00,0.00
2.50,25.94,129.64,833.00,0.00
3.33,25.94,129.70,833.00,0.00
4.17,25.94,129.76,833.00,0.00
5.00,25.94,129.82,833.00,0.00
5.83,25.94,129.88,833.00,0.00
6.66,25.94,129.94,833.00,0.00
7.50,25.94,130.00,833.00,0.00
8.33,25.94,130.06,833.00,0.00
9.16,25.94,130.12,833.00,0.00
10.00,25.94,130.18,833.00,0.00
10.83,25.87,130.39,833.00,0.00
11.66,25.94,131.05,833.00,0.00
12.50,25.94,130.36,833.00,0.00
13.33,25.94,130.42,833.00,0.00
14.16,25.94,130.48,833.00,0.00
14.99,25.94,130.54,833.00,0.00
15.83,25.94,130.60,833.00,0.00
16.66,25.94,130.66,833.00,0.00
17.49,25.94,130.72,833.00,0.00
18.33,25.94,130.78,833.00,0.00
19.16,25.94,130.84,833.00,0.00
19.99,25.94,130.90,833.00,0.00
20.83,25.94,130.96,833.00,0.00
21.66,25.94,131.02,833.00,0.00
22.49,25.94,131.08,833.00,0.00
23.32,25.94,131.14,833.00,0.00
24.16,25.94,131.20,833.00,0.00
24.99,25.94,131.26,833.00,0.00
25.82,25.94,131.32,833.00,0.00
26.66,25.94,131.38,833.00,0.00
27.49,25.94,131.44,833.00,0.00
28.32,25.94,131.50,833.00,0.00
29.16,25.94,131.56,833.00,0.00
29.99,25.94,131.62,833.00,0.00
30.82,25.94,131.68,833.00,0.00
31.65,25.94,131.74,833.00,0.00
32.49,25.94,131.80,833.00,0.00
33.32,25.94,131.86,833.00,0.00
34.15,25.94,131.92,833.00,0.00
34.99,25.94,131.98,833.00,0.00
35.82,25.94,132.04,833.00,0.00
36.65,25.94,132.10,833.00,0.00
37.49,25.94,132.16,833.00,0.00
38.32,25.94,132.22,833.00,0.00
39.15,25.94,132.28,833.00,0.00
39.98,26.00,132.20,833.00,0.00
40.82,26.00,131.51,833.00,0.00
41.65,26.00,131.57,833.00,0.00
42.48,26.06,131.48,833.00,0.00
43.32,26.06,130.79,833.00,0.00
44.15,26.12,130.71,833.00,0.00
44.98,26.19,129.87,833.00,0.00
45.82,26.19,129.18,833.00,0.00
46.65,26.19,129.24,833.00,0.00
47.48,26.19,129.30,833.00,0.00
48.31,26.19,129.36,833.00,0.00
49.15,26.19,129.41,833.00,0.00
49.98,26.19,129.47,833.00,0.00
50.81,26.19,129.53,833.00,0.00
51.65,26.19,129.59,833.00,0.00
52.48,26.19,129.65,833.00,0.00
53.31,26.25,129.56,833.00,0.00
54.15,26.25,128.87,833.00,0.00
54.98,26.25,128.93,833.00,0.00
55.81,26.31,128.84,833.00,0.00
56.64,26.31,128.15,833.00,0.00
57.48,26.37,128.06,833.00,0.00
58.31,26.37,127.37,833.00,0.00
59.14,26.44,127.29,833.00,0.00
59.98,26.44,126.59,833.00,0.00
60.81,26.44,126.65,833.00,0.00
61.64,26.50,126.56,833.00,0.00
62.48,26.50,125.87,833.00,0.00
63.31,26.50,125.92,833.00,0.00
64.14,26.56,125.84,833.00,0.00
64.97,26.56,125.14,833.00,0.00
65.81,26.62,125.06,833.00,0.00
66.64,26.69,124.22,833.00,0.00
67.47,26.69,123.52,833.00,0.00
68.31,26.75,123.43,833.00,0.00
69.14,26.81,122.60,833.00,0.00
69.97,26.81,121.90,833.00,0.00
70.81,26.87,121.81,833.00,0.00
71.64,26.87,121.11,833.00,0.00
72.47,26.94,121.02,833.00,0.00
73.30,26.94,120.33,833.00,0.00
74.14,26.94,120.38,833.00,0.00
74.97,27.00,120.29,833.00,0.00
75.80,27.00,119.59,833.00,0.00
76.64,27.06,119.50,833.00,0.00
77.47,27.06,118.81,833.00,0.00
78.30,27.12,118.72,833.00,0.00
79.14,27.19,117.87,833.00,0.00
79.97,27.19,117.18,833.00,0.00
80.80,27.25,117.08,833.00,0.00
81.63,27.25,116.38,833.00,0.00
82.47,27.31,116.29,833.00,0.00
83.30,27.31,115.59,833.00,0.00
84.13,27.37,115.50,833.00,0.00
84.97,27.37,114.80,833.00,0.00
85.80,27.37,114.85,833.00,0.00
86.63,27.44,114.76,833.00,0.00
87.47,27.44,114.06,833.00,0.00
88.30,27.50,113.97,833.00,0.00
89.13,27.50,113.27,833.00,0.00
89.96,27.56,113.17,833.00,0.00
90.80,27.62,112.33,833.00,0.00
91.63,27.62,111.63,833.00,0.00
92.46,27.62,111.68,833.00,0.00
93.30,27.69,111.58,833.00,0.00
94.13,27.69,110.88,833.00,0.00
94.96,27.75,110.78,833.00,0.00
95.80,27.75,110.08,833.00,0.00
96.63,27.75,110.13,833.00,0.00
97.46,27.81,110.04,833.00,0.00
98.29,27.81,109.33,833.00,0.00
99.13,27.81,109.38,833.00,0.00
99.96,27.81,109.43,833.00,0.00
100.79,27.81,109.47,833.00,0.00
101.63,27.87,109.38,833.00,0.00
102.46,27.94,108.53,833.00,0.00
103.29,27.94,107.83,833.00,0.00
104.13,28.00,107.73,833.00,0.00
104.96,28.00,107.03,833.00,0.00
105.79,28.06,106.93,833.00,0.00
106.62,28.06,106.23,833.00,0.00
107.46,28.06,106.27,833.00,0.00
108.29,28.12,106.18,833.00,0.00
109.12,28.12,105.47,833.00,0.00
109.96,28.19,105.37,833.00,0.00
110.79,28.19,104.67,833.00,0.00
111.62,28.19,104.71,833.00,0.00
112.46,28.19,104.76,833.00,0.00
113.29,28.25,104.66,833.00,0.00
114.12,28.25,103.96,833.00,0.00
114.95,28.31,103.86,833.00,0.00
115.79,28.31,103.15,833.00,0.00
116.62,28.37,103.05,833.00,0.00
117.45,28.44,102.20,833.00,0.00
118.29,28.44,101.50,833.00,0.00
119.12,28.50,101.40,833.00,0.00
119.95,28.50,100.69,833.00,0.00
120.79,28.56,100.59,833.00,0.00
121.62,28.56,99.88,832.00,1.00
122.45,28.62,99.78,831.00,2.00
123.28,28.62,99.07,825.00,8.00
124.12,28.69,98.97,824.00,9.00
124.95,28.69,98.26,818.00,15.00
125.78,28.75,98.16,817.00,16.00
126.62,28.75,97.45,811.00,22.00
127.45,28.75,97.49,812.00,21.00
128.28,28.81,97.39,811.00,22.00
129.12,28.81,96.68,805.00,28.00
129.95,28.81,96.72,805.00,28.00
130.78,28.87,96.62,804.00,29.00
131.61,28.87,95.91,798.00,35.00
132.45,28.87,95.95,799.00,34.00
133.28,28.94,95.85,798.00,35.00
134.11,28.94,95.14,792.00,41.00
134.95,29.00,95.04,791.00,42.00
135.78,29.00,94.33,785.00,48.00
136.61,29.00,94.37,786.00,47.00
137.44,29.06,94.26,785.00,48.00
138.28,29.06,93.55,779.00,54.00
139.11,29.12,93.45,778.00,55.00
139.94,29.12,92.74,772.00,61.00
140.78,29.12,92.78,772.00,61.00
141.61,29.19,92.67,771.00,62.00
142.44,29.19,91.96,766.00,67.00
143.28,29.19,92.00,766.00,67.00
144.11,29.25,91.89,765.00,68.00
144.94,29.25,91.18,759.00,74.00
145.77,29.31,91.08,758.00,75.00
146.61,29.31,90.36,752.00,81.00
147.44,29.37,90.26,751.00,82.00
148.27,29.37,89.55,745.00,88.00
149.11,29.44,89.44,745.00,88.00
149.94,29.44,88.73,739.00,94.00
150.77,29.44,88.76,739.00,94.00
151.61,29.50,88.66,738.00,95.00
152.44,29.50,87.94,732.00,101.00
153.27,29.50,87.98,732.00,101.00
154.10,29.50,88.02,733.00,100.00
154.94,29.56,87.91,732.00,101.00
155.77,29.56,87.19,726.00,107.00
156.60,29.56,87.23,726.00,107.00
157.44,29.62,87.12,725.00,108.00
158.27,29.62,86.41,719.00,114.00
159.10,29.69,86.30,718.00,115.00
159.94,29.69,85.59,712.00,121.00
160.77,29.69,85.62,713.00,120.00
161.60,29.75,85.51,712.00,121.00
162.43,29.75,84.80,706.00,127.00
163.27,29.75,84.83,706.00,127.00
164.10,29.81,84.72,705.00,128.00
164.93,29.81,84.01,699.00,134.00
165.77,29.87,83.90,698.00,135.00
166.60,29.87,83.18,692.00,141.00
167.43,29.94,83.07,692.00,141.00
168.27,29.94,82.36,686.00,147.00
169.10,29.94,82.39,686.00,147.00
169.93,30.00,82.28,685.00,148.00
170.76,30.00,81.56,679.00,154.00
171.60,30.00,81.60,679.00,154.00
172.43,30.06,81.49,678.00,155.00
173.26,30.06,80.77,672.00,161.00
174.10,30.06,80.80,673.00,160.00
174.93,30.12,80.69,672.00,161.00
175.76,30.12,79.97,666.00,167.00
176.60,30.12,80.01,666.00,167.00
177.43,30.19,79.90,665.00,168.00
178.26,30.19,79.18,659.00,174.00
179.09,30.19,79.21,659.00,174.00
179.93,30.25,79.10,658.00,175.00
180.76,30.25,78.38,652.00,181.00
181.59,30.25,78.41,653.00,180.00
182.43,30.31,78.30,652.00,181.00
183.26,30.31,77.58,646.00,187.00
184.09,30.31,77.61,646.00,187.00
184.93,30.37,77.50,645.00,188.00
185.76,30.37,76.78,639.00,194.00
186.59,30.37,76.81,639.00,194.00
187.42,30.44,76.70,638.00,195.00
188.26,30.44,75.98,632.00,201.00
189.09,30.44,76.01,633.00,200.00
189.92,30.50,75.89,632.00,201.00
190.76,30.50,75.17,626.00,207.00
191.59,30.50,75.20,626.00,207.00
192.42,30.56,75.09,625.00,208.00
193.26,30.56,74.37,619.00,214.00
194.09,30.56,74.40,619.00,214.00
194.92,30.56,74.43,619.00,214.00
195.75,30.56,74.46,620.00,213.00
196.59,30.62,74.34,619.00,214.00
197.42,30.62,73.62,613.00,220.00
198.25,30.62,73.65,613.00,220.00
199.09,30.62,73.68,613.00,220.00
199.92,30.69,73.57,612.00,221.00
200.75,30.69,72.84,606.00,227.00
201.59,30.69,72.87,607.00,226.00
202.42,30.75,72.76,606.00,227.00
203.25,30.75,72.04,600.00,233.00
204.08,30.75,72.06,600.00,233.00
204.92,30.75,72.09,600.00,233.00
205.75,30.81,71.98,599.00,234.00
206.58,30.81,71.25,593.00,240.00
207.42,30.81,71.28,593.00,240.00
208.25,30.87,71.17,592.00,241.00
209.08,30.87,70.44,586.00,247.00
209.92,30.94,70.33,585.00,248.00
210.75,30.94,69.60,579.00,254.00
211.58,31.00,69.49,578.00,255.00
212.41,31.00,68.76,572.00,261.00
213.25,31.00,68.79,573.00,260.00
214.08,31.00,68.82,573.00,260.00
214.91,31.00,68.84,573.00,260.00
215.75,31.06,68.73,572.00,261.00
216.58,31.06,68.00,566.00,267.00
217.41,31.06,68.03,566.00,267.00
218.25,31.06,68.05,566.00,267.00
219.08,31.12,67.94,565.00,268.00
219.91,31.12,67.21,559.00,274.00
220.74,31.12,67.24,560.00,273.00
221.58,31.19,67.12,559.00,274.00
222.41,31.19,66.40,553.00,280.00
223.24,31.19,66.42,553.00,280.00
224.08,31.19,66.45,553.00,280.00
224.91,31.19,66.47,553.00,280.00
225.74,31.25,66.35,552.00,281.00
226.58,31.25,65.63,546.00,287.00
227.41,31.25,65.65,546.00,287.00
228.24,31.31,65.54,545.00,288.00
229.07,31.31,64.81,539.00,294.00
229.91,31.31,64.83,540.00,293.00
230.74,31.31,64.86,540.00,293.00
231.57,31.31,64.88,540.00,293.00
232.41,31.37,64.76,539.00,294.00
233.24,31.37,64.04,533.00,300.00
234.07,31.37,64.06,533.00,300.00
234.91,31.44,63.94,532.00,301.00
235.74,31.44,63.22,526.00,307.00
236.57,31.44,63.24,526.00,307.00
237.40,31.50,63.12,525.00,308.00
238.24,31.50,62.39,519.00,314.00
239.07,31.50,62.42,519.00,314.00
239.90,31.50,62.44,520.00,313.00
240.74,31.50,62.46,520.00,313.00
241.57,31.56,62.34,519.00,314.00
242.40,31.56,61.61,513.00,320.00
243.23,31.56,61.64,513.00,320.00
244.07,31.56,61.66,513.00,320.00
244.90,31.56,61.68,513.00,320.00
245.73,31.62,61.56,512.00,321.00
246.57,31.62,60.83,506.00,327.00
247.40,31.62,60.86,506.00,327.00
248.23,31.69,60.74,505.00,328.00
249.07,31.69,60.01,499.00,334.00
249.90,31.69,60.03,500.00,333.00
250.73,31.69,60.05,500.00,333.00
251.56,31.69,60.07,500.00,333.00
252.40,31.75,59.95,499.00,334.00
253.23,31.75,59.22,493.00,340.00
254.06,31.75,59.25,493.00,340.00
254.90,31.81,59.12,492.00,341.00
255.73,31.81,58.39,486.00,347.00
256.56,31.81,58.42,486.00,347.00
257.40,31.81,58.44,486.00,347.00
258.23,31.87,58.31,485.00,348.00
259.06,31.87,57.59,479.00,354.00
259.89,31.87,57.61,479.00,354.00
260.73,31.87,57.63,480.00,353.00
261.56,31.94,57.50,479.00,354.00
262.39,31.94,56.77,472.00,361.00
263.23,31.94,56.79,473.00,360.00
264.06,31.94,56.81,473.00,360.00
264.89,32.00,56.69,472.00,361.00
265.73,32.00,55.96,466.00,367.00
266.56,32.00,55.98,466.00,367.00
267.39,32.00,56.00,466.00,367.00
268.22,32.06,55.88,465.00,368.00
269.06,32.06,55.15,459.00,374.00
269.89,32.06,55.17,459.00,374.00
270.72,32.06,55.19,459.00,374.00
271.56,32.13,55.06,458.00,375.00
272.39,32.13,54.33,452.00,381.00
273.22,32.13,54.35,452.00,381.00
274.06,32.13,54.37,452.00,381.00
274.89,32.13,54.39,453.00,380.00
275.72,32.19,54.26,452.00,381.00
276.56,32.19,53.53,445.00,388.00
277.39,32.19,53.55,446.00,387.00
278.22,32.19,53.57,446.00,387.00
279.05,32.25,53.45,445.00,388.00
279.89,32.25,52.71,439.00,394.00
280.72,32.25,52.73,439.00,394.00
281.55,32.25,52.75,439.00,394.00
282.39,32.31,52.62,438.00,395.00
283.22,32.31,51.89,432.00,401.00
284.05,32.31,51.91,432.00,401.00
284.89,32.31,51.93,432.00,401.00
285.72,32.31,51.95,432.00,401.00
286.55,32.31,51.96,432.00,401.00
287.38,32.38,51.84,431.00,402.00
288.22,32.38,51.11,425.00,408.00
289.05,32.38,51.12,425.00,408.00
289.88,32.38,51.14,425.00,408.00
290.72,32.38,51.16,426.00,407.00
291.55,32.44,51.03,425.00,408.00
292.38,32.44,50.30,418.00,415.00
293.22,32.44,50.32,419.00,414.00
294.05,32.44,50.33,419.00,414.00
294.88,32.50,50.21,418.00,415.00
295.71,32.50,49.47,412.00,421.00
296.55,32.50,49.49,412.00,421.00
297.38,32.50,49.51,412.00,421.00
298.21,32.50,49.52,412.00,421.00
299.05,32.50,49.54,412.00,421.00
299.88,32.56,49.41,411.00,422.00
300.71,32.56,48.68,405.00,428.00
301.55,32.56,48.69,405.00,428.00
302.38,32.56,48.71,405.00,428.00
303.21,32.63,48.58,404.00,429.00
304.04,32.63,47.85,398.00,435.00
304.88,32.63,47.86,398.00,435.00
305.71,32.63,47.88,398.00,435.00
306.54,32.69,47.75,397.00,436.00
307.38,32.69,47.02,391.00,442.00
308.21,32.69,47.03,391.00,442.00
309.04,32.69,47.05,391.00,442.00
309.88,32.69,47.06,392.00,441.00
310.71,32.75,46.94,390.00,443.00
311.54,32.75,46.20,384.00,449.00
312.37,32.75,46.22,384.00,449.00
313.21,32.75,46.23,385.00,448.00
314.04,32.75,46.25,385.00,448.00
314.87,32.81,46.12,384.00,449.00
315.71,32.81,45.38,378.00,455.00
316.54,32.81,45.40,378.00,455.00
317.37,32.81,45.41,378.00,455.00
318.21,32.81,45.42,378.00,455.00
319.04,32.81,45.44,378.00,455.00
319.87,32.88,45.31,377.00,456.00
320.70,32.88,44.57,371.00,462.00
321.54,32.88,44.59,371.00,462.00
322.37,32.88,44.60,371.00,462.00
323.20,32.88,44.62,371.00,462.00
324.04,32.94,44.49,370.00,463.00
324.87,32.94,43.75,364.00,469.00
325.70,32.94,43.76,364.00,469.00
326.54,32.94,43.78,364.00,469.00
327.37,32.94,43.79,364.00,469.00
328.20,33.00,43.66,363.00,470.00
329.03,33.00,42.93,357.00,476.00
329.87,33.00,42.94,357.00,476.00
330.70,33.00,42.95,357.00,476.00
331.53,33.00,42.97,357.00,476.00
332.37,33.06,42.84,356.00,477.00
333.20,33.06,42.10,350.00,483.00
334.03,33.06,42.11,350.00,483.00
334.87,33.06,42.12,350.00,483.00
335.70,33.06,42.14,350.00,483.00
336.53,33.06,42.15,351.00,482.00
337.36,33.13,42.02,350.00,483.00
338.20,33.13,41.28,343.00,490.00
339.03,33.13,41.29,343.00,490.00
339.86,33.13,41.31,344.00,489.00
340.70,33.13,41.32,344.00,489.00
341.53,33.13,41.33,344.00,489.00
342.36,33.19,41.20,343.00,490.00
343.20,33.19,40.46,337.00,496.00
344.03,33.19,40.47,337.00,496.00
344.86,33.19,40.49,337.00,496.00
345.69,33.19,40.50,337.00,496.00
346.53,33.19,40.51,337.00,496.00
347.36,33.25,40.38,336.00,497.00
348.19,33.25,39.64,330.00,503.00
349.03,33.25,39.65,330.00,503.00
349.86,33.25,39.66,330.00,503.00
350.69,33.25,39.67,330.00,503.00
351.53,33.25,39.69,330.00,503.00
352.36,33.25,39.70,330.00,503.00
353.19,33.25,39.71,330.00,503.00
354.02,33.31,39.58,329.00,504.00
354.86,33.31,38.84,323.00,510.00
355.69,33.31,38.85,323.00,510.00
356.52,33.31,38.86,323.00,510.00
357.36,33.31,38.87,323.00,510.00
358.19,33.31,38.88,323.00,510.00
359.02,33.31,38.89,323.00,510.00
359.86,33.38,38.76,322.00,511.00
360.69,33.38,38.02,316.00,517.00
361.52,33.38,38.03,316.00,517.00
362.35,33.38,38.04,316.00,517.00
363.19,33.38,38.06,317.00,516.00
364.02,33.38,38.07,317.00,516.00
364.85,33.38,38.08,317.00,516.00
365.69,33.44,37.94,316.00,517.00
366.52,33.44,37.20,309.00,524.00
367.35,33.44,37.22,310.00,523.00
368.19,33.44,37.23,310.00,523.00
369.02,33.44,37.24,310.00,523.00
369.85,33.44,37.25,310.00,523.00
370.68,33.44,37.26,310.00,523.00
371.52,33.44,37.27,310.00,523.00
372.35,33.44,37.28,310.00,523.00
373.18,33.50,37.14,309.00,524.00
374.02,33.44,36.55,304.00,529.00
374.85,33.50,37.16,309.00,524.00
375.68,33.50,36.42,303.00,530.00
376.52,33.50,36.43,303.00,530.00
377.35,33.50,36.44,303.00,530.00
378.18,33.50,36.45,303.00,530.00
379.02,33.50,36.46,303.00,530.00
379.85,33.50,36.47,303.00,530.00
380.68,33.50,36.48,303.00,530.00
381.51,33.56,36.35,302.00,531.00
382.35,33.56,35.61,296.00,537.00
383.18,33.56,35.62,296.00,537.00
384.01,33.56,35.63,296.00,537.00
384.85,33.56,35.64,296.00,537.00
385.68,33.56,35.65,296.00,537.00
386.51,33.56,35.66,297.00,536.00
387.35,33.56,35.67,297.00,536.00
388.18,33.56,35.68,297.00,536.00
389.01,33.63,35.54,296.00,537.00
389.84,33.63,34.80,289.00,544.00
390.68,33.63,34.81,289.00,544.00
391.51,33.63,34.82,290.00,543.00
392.34,33.63,34.83,290.00,543.00
393.18,33.63,34.84,290.00,543.00
394.01,33.63,34.85,290.00,543.00
394.84,33.69,34.71,289.00,544.00
395.68,33.69,33.97,282.00,551.00
396.51,33.69,33.98,283.00,550.00
397.34,33.69,33.99,283.00,550.00
398.17,33.69,34.00,283.00,550.00
399.01,33.69,34.01,283.00,550.00
399.84,33.69,34.02,283.00,550.00
400.67,33.69,34.02,283.00,550.00
401.51,33.75,33.89,282.00,551.00
402.34,33.75,33.15,276.00,557.00
403.17,33.75,33.16,276.00,557.00
404.01,33.75,33.16,276.00,557.00
404.84,33.75,33.17,276.00,557.00
405.67,33.75,33.18,276.00,557.00
406.50,33.75,33.19,276.00,557.00
407.34,33.75,33.20,276.00,557.00
408.17,33.75,33.21,276.00,557.00
409.00,33.81,33.07,275.00,558.00
409.84,33.81,32.33,269.00,564.00
410.67,33.81,32.34,269.00,564.00
411.50,33.81,32.34,269.00,564.00
412.34,33.81,32.35,269.00,564.00
413.17,33.81,32.36,269.00,564.00
414.00,33.81,32.37,269.00,564.00
414.83,33.81,32.38,269.00,564.00
415.67,33.81,32.38,269.00,564.00
416.50,33.81,32.39,269.00,564.00
417.33,33.81,32.40,269.00,564.00
418.17,33.81,32.41,269.00,564.00
419.00,33.81,32.41,270.00,563.00
419.83,33.81,32.42,270.00,563.00
420.67,33.81,32.43,270.00,563.00
421.50,33.88,32.30,269.00,564.00
422.33,33.81,31.70,264.00,569.00
423.16,33.88,32.31,269.00,564.00
424.00,33.88,31.57,262.00,571.00
424.83,33.88,31.57,263.00,570.00
425.66,33.88,31.58,263.00,570.00
426.50,33.88,31.59,263.00,570.00
427.33,33.88,31.60,263.00,570.00
428.16,33.88,31.60,263.00,570.00
429.00,33.88,31.61,263.00,570.00
429.83,33.88,31.62,263.00,570.00
430.66,33.88,31.63,263.00,570.00
431.49,33.94,31.49,262.00,571.00
432.33,33.94,30.75,256.00,577.00
433.16,33.94,30.76,256.00,577.00
433.99,33.94,30.76,256.00,577.00
434.83,33.94,30.77,256.00,577.00
435.66,33.94,30.78,256.00,577.00
436.49,33.94,30.78,256.00,577.00
437.33,33.94,30.79,256.00,577.00
438.16,33.94,30.80,256.00,577.00
438.99,33.94,30.80,256.00,577.00
439.82,33.94,30.81,256.00,577.00
440.66,33.94,30.82,256.00,577.00
441.49,33.94,30.83,256.00,577.00
442.32,34.00,30.69,255.00,578.00
443.16,34.00,29.95,249.00,584.00
443.99,34.00,29.95,249.00,584.00
444.82,34.00,29.96,249.00,584.00
445.66,34.00,29.97,249.00,584.00
446.49,34.00,29.97,249.00,584.00
447.32,34.00,29.98,249.00,584.00
448.15,34.00,29.99,249.00,584.00
448.99,34.00,29.99,249.00,584.00
449.82,34.00,30.00,249.00,584.00
450.65,34.00,30.01,249.00,584.00
451.49,34.00,30.01,249.00,584.00
452.32,34.00,30.02,250.00,583.00
453.15,34.00,30.03,250.00,583.00
453.99,34.00,30.03,250.00,583.00
454.82,34.06,29.90,249.00,584.00
455.65,34.06,29.15,242.00,591.00
456.48,34.06,29.16,242.00,591.00
457.32,34.06,29.16,242.00,591.00
458.15,34.06,29.17,242.00,591.00
458.98,34.06,29.18,243.00,590.00
459.82,34.06,29.18,243.00,590.00
460.65,34.06,29.19,243.00,590.00
461.48,34.06,29.19,243.00,590.00
462.32,34.06,29.20,243.00,590.00
463.15,34.13,29.06,242.00,591.00
463.98,34.06,28.46,237.00,596.00
464.81,34.13,29.08,242.00,591.00
465.65,34.13,28.33,236.00,597.00
466.48,34.13,28.34,236.00,597.00
467.31,34.13,28.34,236.00,597.00
468.15,34.13,28.35,236.00,597.00
468.98,34.13,28.35,236.00,597.00
469.81,34.13,28.36,236.00,597.00
470.65,34.13,28.37,236.00,597.00
471.48,34.13,28.37,236.00,597.00
472.31,34.13,28.38,236.00,597.00
473.14,34.13,28.38,236.00,597.00
473.98,34.19,28.25,235.00,598.00
474.81,34.19,27.50,229.00,604.00
475.64,34.19,27.51,229.00,604.00
476.48,34.19,27.51,229.00,604.00
477.31,34.19,27.52,229.00,604.00
478.14,34.19,27.52,229.00,604.00
478.98,34.19,27.53,229.00,604.00
479.81,34.19,27.53,229.00,604.00
480.64,34.19,27.54,229.00,604.00
481.47,34.19,27.54,229.00,604.00
482.31,34.19,27.55,229.00,604.00
483.14,34.19,27.56,229.00,604.00
483.97,34.19,27.56,229.00,604.00
484.81,34.19,27.57,229.00,604.00
485.64,34.25,27.43,228.00,605.00
486.47,34.25,26.68,222.00,611.00
487.31,34.25,26.69,222.00,611.00
488.14,34.25,26.69,222.00,611.00
488.97,34.25,26.70,222.00,611.00
489.81,34.25,26.70,222.00,611.00
490.64,34.25,26.71,222.00,611.00
491.47,34.25,26.71,222.00,611.00
492.30,34.25,26.72,222.00,611.00
493.14,34.25,26.72,222.00,611.00
493.97,34.25,26.73,222.00,611.00
494.80,34.31,26.59,221.00,612.00
495.64,34.31,25.84,215.00,618.00
496.47,34.31,25.85,215.00,618.00
497.30,34.31,25.85,215.00,618.00
498.14,34.31,25.86,215.00,618.00
498.97,34.31,25.86,215.00,618.00
499.80,34.31,25.87,215.00,618.00
500.63,34.31,25.87,215.00,618.00
501.47,34.31,25.88,215.00,618.00
502.30,34.31,25.88,215.00,618.00
503.13,34.31,25.88,215.00,618.00
503.97,34.31,25.89,215.00,618.00
504.80,34.31,25.89,215.00,618.00
505.63,34.31,25.90,215.00,618.00
506.47,34.31,25.90,215.00,618.00
507.30,34.31,25.91,215.00,618.00
508.13,34.31,25.91,215.00,618.00
508.96,34.31,25.92,215.00,618.00
509.80,34.31,25.92,215.00,618.00
510.63,34.31,25.93,215.00,618.00
511.46,34.31,25.93,215.00,618.00
512.30,34.38,25.79,214.00,619.00
513.13,34.38,25.05,208.00,625.00
513.96,34.38,25.05,208.00,625.00
514.80,34.38,25.05,208.00,625.00
515.63,34.38,25.06,208.00,625.00
516.46,34.38,25.06,208.00,625.00
517.29,34.38,25.07,208.00,625.00
518.13,34.38,25.07,208.00,625.00
518.96,34.38,25.07,208.00,625.00
519.79,34.38,25.08,208.00,625.00
520.63,34.38,25.08,208.00,625.00
521.46,34.38,25.09,208.00,625.00
522.29,34.38,25.09,209.00,624.00
523.13,34.38,25.10,209.00,624.00
523.96,34.38,25.10,209.00,624.00
524.79,34.38,25.10,209.00,624.00
525.62,34.38,25.11,209.00,624.00
526.46,34.38,25.11,209.00,624.00
527.29,34.38,25.12,209.00,624.00
528.12,34.38,25.12,209.00,624.00
528.96,34.38,25.12,209.00,624.00
529.79,34.44,24.99,208.00,625.00
530.62,34.44,24.24,201.00,632.00
531.46,34.44,24.24,201.00,632.00
532.29,34.44,24.25,201.00,632.00
533.12,34.44,24.25,202.00,631.00
533.95,34.44,24.25,202.00,631.00
534.79,34.44,24.26,202.00,631.00
535.62,34.44,24.26,202.00,631.00
536.45,34.44,24.26,202.00,631.00
537.29,34.44,24.27,202.00,631.00
538.12,34.44,24.27,202.00,631.00
538.95,34.44,24.28,202.00,631.00
539.79,34.44,24.28,202.00,631.00
540.62,34.44,24.28,202.00,631.00
541.45,34.44,24.29,202.00,631.00
542.28,34.44,24.29,202.00,631.00
543.12,34.44,24.29,202.00,631.00
543.95,34.44,24.30,202.00,631.00
544.78,34.50,24.16,201.00,632.00
545.62,34.50,23.41,195.00,638.00
546.45,34.50,23.42,195.00,638.00
547.28,34.50,23.42,195.00,638.00
548.12,34.50,23.42,195.00,638.00
548.95,34.50,23.43,195.00,638.00
549.78,34.50,23.43,195.00,638.00
550.61,34.50,23.43,195.00,638.00
551.45,34.50,23.44,195.00,638.00
552.28,34.50,23.44,195.00,638.00
553.11,34.50,23.44,195.00,638.00
553.95,34.50,23.44,195.00,638.00
554.78,34.50,23.45,195.00,638.00
555.61,34.50,23.45,195.00,638.00
556.45,34.50,23.45,195.00,638.00
557.28,34.50,23.46,195.00,638.00
558.11,34.50,23.46,195.00,638.00
558.94,34.50,23.46,195.00,638.00
559.78,34.50,23.47,195.00,638.00
560.61,34.50,23.47,195.00,638.00
561.44,34.56,23.33,194.00,639.00
562.28,34.56,22.58,188.00,645.00
563.11,34.56,22.59,188.00,645.00
563.94,34.56,22.59,188.00,645.00
564.78,34.56,22.59,188.00,645.00
565.61,34.56,22.60,188.00,645.00
566.44,34.56,22.60,188.00,645.00
567.27,34.56,22.60,188.00,645.00
568.11,34.56,22.60,188.00,645.00
568.94,34.56,22.61,188.00,645.00
569.77,34.56,22.61,188.00,645.00
570.61,34.56,22.61,188.00,645.00
571.44,34.56,22.62,188.00,645.00
572.27,34.56,22.62,188.00,645.00
573.11,34.56,22.62,188.00,645.00
573.94,34.56,22.62,188.00,645.00
574.77,34.56,22.63,188.00,645.00
575.60,34.56,22.63,188.00,645.00
576.44,34.56,22.63,188.00,645.00
577.27,34.56,22.64,188.00,645.00
578.10,34.56,22.64,188.00,645.00
578.94,34.56,22.64,188.00,645.00
579.77,34.56,22.65,188.00,645.00
580.60,34.56,22.65,188.00,645.00
581.44,34.56,22.65,188.00,645.00
582.27,34.56,22.65,188.00,645.00
583.10,34.63,22.51,187.00,646.00
583.93,34.63,21.77,181.00,652.00
584.77,34.63,21.77,181.00,652.00
585.60,34.63,21.77,181.00,652.00
586.43,34.63,21.77,181.00,652.00
587.27,34.63,21.78,181.00,652.00
588.10,34.63,21.78,181.00,652.00
588.93,34.63,21.78,181.00,652.00
589.77,34.63,21.78,181.00,652.00
590.60,34.63,21.79,181.00,652.00
591.43,34.63,21.79,181.00,652.00
592.27,34.63,21.79,181.00,652.00
593.10,34.63,21.79,181.00,652.00
593.93,34.63,21.80,181.00,652.00
594.76,34.63,21.80,181.00,652.00
595.60,34.63,21.80,181.00,652.00
596.43,34.63,21.80,181.00,652.00
597.26,34.63,21.81,181.00,652.00
598.10,34.63,21.81,181.00,652.00
598.93,34.63,21.81,181.00,652.00
599.76,34.63,21.81,181.00,652.00
600.60,34.63,21.82,181.00,652.00
601.43,34.63,21.82,181.00,652.00
602.26,34.63,21.82,181.00,652.00
603.09,34.63,21.82,181.00,652.00
603.93,34.63,21.83,181.00,652.00
604.76,34.63,21.83,181.00,652.00
605.59,34.63,21.83,181.00,652.00
606.43,34.63,21.83,181.00,652.00
607.26,34.69,21.69,180.00,653.00
608.09,34.69,20.94,174.00,659.00
608.93,34.69,20.95,174.00,659.00
609.76,34.69,20.95,174.00,659.00
610.59,34.69,20.95,174.00,659.00
611.42,34.69,20.95,174.00,659.00
612.26,34.69,20.95,174.00,659.00
613.09,34.69,20.96,174.00,659.00
613.92,34.69,20.96,174.00,659.00
614.76,34.69,20.96,174.00,659.00
615.59,34.69,20.96,174.00,659.00
616.42,34.69,20.96,174.00,659.00
617.26,34.69,20.97,174.00,659.00
618.09,34.69,20.97,174.00,659.00
618.92,34.69,20.97,174.00,659.00
619.75,34.69,20.97,174.00,659.00
620.59,34.69,20.98,174.00,659.00
621.42,34.69,20.98,174.00,659.00
622.25,34.69,20.98,174.00,659.00
623.09,34.69,20.98,174.00,659.00
623.92,34.69,20.98,174.00,659.00
624.75,34.69,20.99,174.00,659.00
625.59,34.69,20.99,174.00,659.00
626.42,34.75,20.85,173.00,660.00
627.25,34.69,20.24,168.00,665.00
628.08,34.69,20.99,174.00,659.00
628.92,34.75,20.85,173.00,660.00
629.75,34.69,20.25,168.00,665.00
630.58,34.75,20.86,173.00,660.00
631.42,34.69,20.25,168.00,665.00
632.25,34.69,21.00,174.00,659.00
633.08,34.75,20.86,173.00,660.00
633.92,34.69,20.26,168.00,665.00
634.75,34.75,20.87,173.00,660.00
635.58,34.75,20.12,167.00,666.00
636.41,34.75,20.12,167.00,666.00
637.25,34.75,20.12,167.00,666.00
638.08,34.75,20.12,167.00,666.00
638.91,34.75,20.12,167.00,666.00
639.75,34.75,20.13,167.00,666.00
640.58,34.75,20.13,167.00,666.00
641.41,34.75,20.13,167.00,666.00
642.25,34.75,20.13,167.00,666.00
643.08,34.75,20.13,167.00,666.00
643.91,34.75,20.13,167.00,666.00
644.74,34.75,20.14,167.00,666.00
645.58,34.75,20.14,167.00,666.00
646.41,34.75,20.14,167.00,666.00
647.24,34.75,20.14,167.00,666.00
648.08,34.75,20.14,167.00,666.00
648.91,34.75,20.14,167.00,666.00
649.74,34.75,20.14,167.00,666.00
650.58,34.75,20.15,167.00,666.00
651.41,34.75,20.15,167.00,666.00
652.24,34.75,20.15,167.00,666.00
653.07,34.75,20.15,167.00,666.00
653.91,34.75,20.15,167.00,666.00
654.74,34.75,20.15,167.00,666.00
655.57,34.75,20.16,167.00,666.00
656.41,34.75,20.16,167.00,666.00
657.24,34.75,20.16,167.00,666.00
658.07,34.75,20.16,167.00,666.00
658.91,34.81,20.02,166.00,667.00
659.74,34.75,19.41,161.00,672.00
660.57,34.75,20.17,167.00,666.00
661.40,34.75,20.17,167.00,666.00
662.24,34.75,20.17,168.00,665.00
663.07,34.75,20.17,168.00,665.00
663.90,34.75,20.17,168.00,665.00
664.74,34.81,20.03,166.00,667.00
665.57,34.81,19.28,160.00,673.00
666.40,34.75,19.43,161.00,672.00
667.24,34.81,20.04,166.00,667.00
668.07,34.81,19.29,160.00,673.00
668.90,34.81,19.29,160.00,673.00
669.73,34.81,19.29,160.00,673.00
670.57,34.81,19.29,160.00,673.00
671.40,34.81,19.29,160.00,673.00
672.23,34.81,19.29,160.00,673.00
673.07,34.81,19.29,160.00,673.00
673.90,34.75,19.44,161.00,672.00
674.73,34.75,20.19,168.00,665.00
675.57,34.81,20.05,167.00,666.00
676.40,34.81,19.30,160.00,673.00
677.23,34.81,19.30,160.00,673.00
678.06,34.81,19.30,160.00,673.00
678.90,34.81,19.30,160.00,673.00
679.73,34.81,19.30,160.00,673.00
680.56,34.81,19.31,160.00,673.00
681.40,34.81,19.31,160.00,673.00
682.23,34.81,19.31,160.00,673.00
683.06,34.81,19.31,160.00,673.00
683.90,34.81,19.31,160.00,673.00
684.73,34.81,19.31,160.00,673.00
685.56,34.81,19.31,160.00,673.00
686.39,34.81,19.31,160.00,673.00
687.23,34.81,19.32,160.00,673.00
688.06,34.81,19.32,160.00,673.00
688.89,34.81,19.32,160.00,673.00
689.73,34.81,19.32,160.00,673.00
690.56,34.81,19.32,160.00,673.00
691.39,34.81,19.32,160.00,673.00
692.23,34.81,19.32,160.00,673.00
693.06,34.81,19.32,160.00,673.00
693.89,34.81,19.33,160.00,673.00
694.72,34.81,19.33,160.00,673.00
695.56,34.81,19.33,161.00,672.00
696.39,34.81,19.33,161.00,672.00
697.22,34.81,19.33,161.00,672.00
698.06,34.81,19.33,161.00,672.00
698.89,34.81,19.33,161.00,672.00
699.72,34.81,19.33,161.00,672.00
700.56,34.88,19.19,159.00,674.00
701.39,34.81,18.59,154.00,679.00
702.22,34.81,19.34,161.00,672.00
703.06,34.88,19.20,159.00,674.00
703.89,34.81,18.59,154.00,679.00
704.72,34.81,19.34,161.00,672.00
705.55,34.81,19.34,161.00,672.00
706.39,34.81,19.34,161.00,672.00
707.22,34.81,19.34,161.00,672.00
708.05,34.81,19.35,161.00,672.00
708.89,34.81,19.35,161.00,672.00
709.72,34.81,19.35,161.00,672.00
710.55,34.88,19.21,159.00,674.00
711.39,34.88,18.46,153.00,680.00
712.22,34.88,18.46,153.00,680.00
713.05,34.88,18.46,153.00,680.00
713.88,34.88,18.46,153.00,680.00
714.72,34.88,18.46,153.00,680.00
715.55,34.81,18.60,154.00,679.00
716.38,34.88,19.21,160.00,673.00
717.22,34.88,18.46,153.00,680.00
718.05,34.88,18.46,153.00,680.00
718.88,34.88,18.47,153.00,680.00
719.72,34.88,18.47,153.00,680.00
720.55,34.88,18.47,153.00,680.00
721.38,34.88,18.47,153.00,680.00
722.21,34.88,18.47,153.00,680.00
723.05,34.88,18.47,153.00,680.00
723.88,34.88,18.47,153.00,680.00
724.71,34.88,18.47,153.00,680.00
725.55,34.88,18.47,153.00,680.00
726.38,34.88,18.47,153.00,680.00
727.21,34.88,18.47,153.00,680.00
728.05,34.88,18.47,153.00,680.00
728.88,34.88,18.47,153.00,680.00
729.71,34.88,18.48,153.00,680.00
730.54,34.88,18.48,153.00,680.00
731.38,34.88,18.48,153.00,680.00
732.21,34.88,18.48,153.00,680.00
733.04,34.88,18.48,153.00,680.00
733.88,34.88,18.48,153.00,680.00
734.71,34.88,18.48,153.00,680.00
735.54,34.88,18.48,153.00,680.00
736.38,34.88,18.48,153.00,680.00
737.21,34.88,18.48,153.00,680.00
738.04,34.88,18.48,153.00,680.00
738.87,34.88,18.48,153.00,680.00
739.71,34.88,18.49,153.00,680.00
740.54,34.88,18.49,153.00,680.00
741.37,34.88,18.49,153.00,680.00
742.21,34.88,18.49,154.00,679.00
743.04,34.88,18.49,154.00,679.00
743.87,34.88,18.49,154.00,679.00
744.71,34.88,18.49,154.00,679.00
745.54,34.88,18.49,154.00,679.00
746.37,34.88,18.49,154.00,679.00
747.20,34.88,18.49,154.00,679.00
748.04,34.88,18.49,154.00,679.00
748.87,34.88,18.49,154.00,679.00
749.70,34.88,18.50,154.00,679.00
750.54,34.88,18.50,154.00,679.00
751.37,34.88,18.50,154.00,679.00
752.20,34.88,18.50,154.00,679.00
753.04,34.88,18.50,154.00,679.00
753.87,34.88,18.50,154.00,679.00
754.70,34.88,18.50,154.00,679.00
755.53,34.88,18.50,154.00,679.00
756.37,34.94,18.36,152.00,681.00
757.20,34.94,17.61,146.00,687.00
758.03,34.94,17.61,146.00,687.00
758.87,34.94,17.61,146.00,687.00
759.70,34.94,17.61,146.00,687.00
760.53,34.88,17.75,147.00,686.00
761.37,34.94,18.36,152.00,681.00
762.20,34.94,17.61,146.00,687.00
763.03,34.94,17.61,146.00,687.00
763.86,34.94,17.61,146.00,687.00
764.70,34.94,17.61,146.00,687.00
765.53,34.94,17.61,146.00,687.00
766.36,34.94,17.61,146.00,687.00
767.20,34.94,17.61,146.00,687.00
768.03,34.94,17.62,146.00,687.00
768.86,34.94,17.62,146.00,687.00
769.70,34.94,17.62,146.00,687.00
770.53,34.94,17.62,146.00,687.00
771.36,34.94,17.62,146.00,687.00
772.19,34.94,17.62,146.00,687.00
773.03,34.94,17.62,146.00,687.00
773.86,34.88,17.76,147.00,686.00
774.69,34.88,18.51,154.00,679.00
775.53,34.94,18.37,153.00,680.00
776.36,34.88,17.76,147.00,686.00
777.19,34.94,18.37,153.00,680.00
778.03,34.94,17.62,146.00,687.00
778.86,34.94,17.62,146.00,687.00
779.69,34.94,17.62,146.00,687.00
780.52,34.94,17.62,146.00,687.00
781.36,34.94,17.62,146.00,687.00
782.19,34.94,17.62,146.00,687.00
783.02,34.94,17.62,146.00,687.00
783.86,34.94,17.62,146.00,687.00
784.69,34.94,17.62,146.00,687.00
785.52,34.94,17.63,146.00,687.00
786.36,34.94,17.63,146.00,687.00
787.19,34.94,17.63,146.00,687.00
788.02,34.94,17.63,146.00,687.00
788.85,34.94,17.63,146.00,687.00
789.69,34.94,17.63,146.00,687.00
790.52,34.94,17.63,146.00,687.00
791.35,34.94,17.63,146.00,687.00
792.19,34.94,17.63,146.00,687.00
793.02,34.94,17.63,146.00,687.00
793.85,34.94,17.63,146.00,687.00
794.69,34.88,17.77,148.00,685.00
795.52,34.94,18.38,153.00,680.00
796.35,34.94,17.63,146.00,687.00
797.18,34.94,17.63,146.00,687.00
798.02,34.94,17.63,146.00,687.00
798.85,34.94,17.63,146.00,687.00
799.68,34.94,17.63,146.00,687.00
800.52,34.94,17.63,146.00,687.00
801.35,34.94,17.63,146.00,687.00
802.18,34.94,17.63,146.00,687.00
803.02,34.94,17.63,146.00,687.00
803.85,34.94,17.63,146.00,687.00
804.68,34.94,17.63,146.00,687.00
805.52,34.94,17.64,146.00,687.00
806.35,34.94,17.64,146.00,687.00
807.18,34.94,17.64,146.00,687.00
808.01,34.94,17.64,146.00,687.00
808.85,34.94,17.64,146.00,687.00
809.68,34.94,17.64,146.00,687.00
810.51,34.94,17.64,146.00,687.00
811.35,34.94,17.64,146.00,687.00
812.18,34.94,17.64,146.00,687.00
813.01,34.94,17.64,146.00,687.00
813.85,34.94,17.64,146.00,687.00
814.68,34.94,17.64,146.00,687.00
815.51,34.94,17.64,146.00,687.00
816.34,34.94,17.64,146.00,687.00
817.18,34.94,17.64,146.00,687.00
818.01,34.94,17.64,146.00,687.00
818.84,34.94,17.64,146.00,687.00
819.68,34.94,17.64,146.00,687.00
820.51,34.94,17.64,146.00,687.00
821.34,34.94,17.64,146.00,687.00
822.18,34.94,17.64,146.00,687.00
823.01,34.94,17.64,146.00,687.00
823.84,34.94,17.64,146.00,687.00
824.67,34.94,17.64,146.00,687.00
825.51,34.94,17.65,146.00,687.00
826.34,34.94,17.65,146.00,687.00
827.17,34.94,17.65,146.00,687.00
828.01,34.94,17.65,146.00,687.00
828.84,34.94,17.65,146.00,687.00
829.67,34.94,17.65,147.00,686.00
830.51,34.94,17.65,147.00,686.00
831.34,34.94,17.65,147.00,686.00
832.17,34.94,17.65,147.00,686.00
833.00,34.94,17.65,147.00,686.00
833.84,34.94,17.65,147.00,686.00
834.67,34.94,17.65,147.00,686.00
835.50,34.94,17.65,147.00,686.00
836.34,34.94,17.65,147.00,686.00
837.17,34.94,17.65,147.00,686.00
838.00,35.00,17.51,145.00,688.00
838.84,35.00,16.76,139.00,694.00
839.67,34.94,16.90,140.00,693.00
840.50,34.94,17.65,147.00,686.00
841.33,34.94,17.65,147.00,686.00
842.17,34.94,17.65,147.00,686.00
843.00,34.94,17.65,147.00,686.00
843.83,34.94,17.65,147.00,686.00
844.67,34.94,17.65,147.00,686.00
845.50,34.94,17.65,147.00,686.00
846.33,34.94,17.65,147.00,686.00
847.17,34.94,17.66,147.00,686.00
848.00,34.94,17.66,147.00,686.00
848.83,34.94,17.66,147.00,686.00
849.66,35.00,17.51,145.00,688.00
850.50,35.00,16.76,139.00,694.00
851.33,35.00,16.76,139.00,694.00
852.16,34.94,16.91,140.00,693.00
853.00,35.00,17.51,145.00,688.00
853.83,35.00,16.76,139.00,694.00
854.66,35.00,16.76,139.00,694.00
855.50,35.00,16.76,139.00,694.00
856.33,35.00,16.76,139.00,694.00
857.16,34.94,16.91,140.00,693.00
857.99,35.00,17.51,145.00,688.00
858.83,35.00,16.76,139.00,694.00
859.66,35.00,16.76,139.00,694.00
860.49,35.00,16.76,139.00,694.00
861.33,35.00,16.76,139.00,694.00
862.16,35.00,16.76,139.00,694.00
862.99,34.94,16.91,140.00,693.00
863.83,35.00,17.51,145.00,688.00
864.66,35.00,16.76,139.00,694.00
865.49,35.00,16.76,139.00,694.00
866.32,35.00,16.76,139.00,694.00
867.16,35.00,16.76,139.00,694.00
867.99,35.00,16.76,139.00,694.00
868.82,34.94,16.91,140.00,693.00
869.66,34.94,17.66,147.00,686.00
870.49,35.00,17.52,145.00,688.00
871.32,35.00,16.77,139.00,694.00
872.16,35.00,16.77,139.00,694.00
872.99,35.00,16.77,139.00,694.00
873.82,35.00,16.77,139.00,694.00
874.65,35.00,16.77,139.00,694.00
875.49,35.00,16.77,139.00,694.00
876.32,35.00,16.77,139.00,694.00
877.15,35.00,16.77,139.00,694.00
877.99,35.00,16.77,139.00,694.00
878.82,35.00,16.77,139.00,694.00
879.65,35.00,16.77,139.00,694.00
880.49,35.00,16.77,139.00,694.00
881.32,35.00,16.77,139.00,694.00
882.15,35.00,16.77,139.00,694.00
882.98,35.00,16.77,139.00,694.00
883.82,35.00,16.77,139.00,694.00
884.65,35.00,16.77,139.00,694.00
885.48,35.00,16.77,139.00,694.00
886.32,35.00,16.77,139.00,694.00
887.15,35.00,16.77,139.00,694.00
887.98,35.00,16.77,139.00,694.00
888.82,35.00,16.77,139.00,694.00
889.65,35.00,16.77,139.00,694.00
890.48,35.00,16.77,139.00,694.00
891.31,35.00,16.77,139.00,694.00
892.15,35.00,16.77,139.00,694.00
892.98,35.00,16.77,139.00,694.00
893.81,35.00,16.77,139.00,694.00
894.65,35.00,16.77,139.00,694.00
895.48,35.00,16.77,139.00,694.00
896.31,35.00,16.77,139.00,694.00
897.15,35.00,16.77,139.00,694.00
897.98,35.00,16.77,139.00,694.00
898.81,35.00,16.77,139.00,694.00
899.64,35.00,16.77,139.00,694.00
900.48,35.00,16.77,139.00,694.00
901.31,35.00,16.77,139.00,694.00
902.14,35.00,16.77,139.00,694.00
902.98,35.00,16.77,139.00,694.00
903.81,35.00,16.77,139.00,694.00
904.64,35.00,16.77,139.00,694.00
905.48,35.00,16.77,139.00,694.00
906.31,35.00,16.77,139.00,694.00
907.14,35.00,16.77,139.00,694.00
907.97,35.00,16.77,139.00,694.00
908.81,35.00,16.77,139.00,694.00
909.64,35.00,16.77,139.00,694.00
910.47,35.00,16.77,139.00,694.00
911.31,35.00,16.77,139.00,694.00
912.14,35.00,16.77,139.00,694.00
912.97,35.00,16.77,139.00,694.00
913.81,35.00,16.77,139.00,694.00
914.64,35.00,16.77,139.00,694.00
915.47,35.00,16.77,139.00,694.00
916.31,35.00,16.77,139.00,694.00
917.14,35.00,16.77,139.00,694.00
917.97,35.00,16.77,139.00,694.00
918.80,35.00,16.77,139.00,694.00
919.64,35.00,16.77,139.00,694.00
920.47,35.00,16.77,139.00,694.00
921.30,35.00,16.77,139.00,694.00
922.14,35.00,16.77,139.00,694.00
922.97,35.00,16.77,139.00,694.00
923.80,35.00,16.77,139.00,694.00
924.64,35.00,16.77,139.00,694.00
925.47,35.00,16.77,139.00,694.00
926.30,35.00,16.77,139.00,694.00
927.13,35.00,16.77,139.00,694.00
927.97,35.00,16.77,139.00,694.00
928.80,35.00,16.77,139.00,694.00
929.63,35.00,16.77,139.00,694.00
930.47,35.00,16.77,139.00,694.00
931.30,35.00,16.77,139.00,694.00
932.13,35.00,16.77,139.00,694.00
932.97,35.00,16.77,139.00,694.00
933.80,35.00,16.77,139.00,694.00
934.63,35.00,16.77,139.00,694.00
935.46,35.00,16.77,139.00,694.00
936.30,35.00,16.77,139.00,694.00
937.13,35.00,16.77,139.00,694.00
937.96,35.00,16.77,139.00,694.00
938.80,35.00,16.77,139.00,694.00
939.63,35.00,16.77,139.00,694.00
940.46,35.00,16.77,139.00,694.00
941.30,35.00,16.77,139.00,694.00
942.13,35.00,16.77,139.00,694.00
942.96,35.00,16.77,139.00,694.00
943.79,35.00,16.77,139.00,694.00
944.63,35.00,16.77,139.00,694.00
945.46,35.00,16.77,139.00,694.00
946.29,35.00,16.77,139.00,694.00
947.13,35.00,16.77,139.00,694.00
947.96,35.00,16.77,139.00,694.00
948.79,35.00,16.77,139.00,694.00
949.63,35.00,16.77,139.00,694.00
950.46,35.00,16.77,139.00,694.00
951.29,35.00,16.77,139.00,694.00
952.12,35.00,16.77,139.00,694.00
952.96,35.00,16.77,139.00,694.00
953.79,35.00,16.77,139.00,694.00
954.62,35.00,16.77,139.00,694.00
955.46,35.00,16.77,139.00,694.00
956.29,35.00,16.77,139.00,694.00
957.12,35.00,16.77,139.00,694.00
957.96,35.00,16.77,139.00,694.00
958.79,35.00,16.77,139.00,694.00
959.62,35.00,16.77,139.00,694.00
960.45,35.00,16.77,139.00,694.00
961.29,35.00,16.77,139.00,694.00
962.12,35.00,16.77,139.00,694.00
962.95,35.00,16.77,139.00,694.00
963.79,35.00,16.77,139.00,694.00
964.62,35.00,16.77,139.00,694.00
965.45,35.00,16.77,139.00,694.00
966.29,35.00,16.77,139.00,694.00
967.12,35.00,16.77,139.00,694.00
967.95,35.00,16.77,139.00,694.00
968.78,35.00,16.77,139.00,694.00
969.62,35.00,16.77,139.00,694.00
970.45,35.00,16.77,139.00,694.00
971.28,35.00,16.77,139.00,694.00
972.12,35.00,16.77,139.00,694.00
972.95,35.06,16.62,138.00,695.00
973.78,35.06,15.87,132.00,701.00
974.62,35.00,16.01,133.00,700.00
975.45,35.00,16.76,139.00,694.00
976.28,35.06,16.62,138.00,695.00
977.11,35.00,16.01,133.00,700.00
977.95,35.00,16.76,139.00,694.00
978.78,35.06,16.62,138.00,695.00
979.61,35.00,16.01,133.00,700.00
980.45,35.00,16.76,139.00,694.00
981.28,35.00,16.76,139.00,694.00
982.11,35.06,16.62,138.00,695.00
982.95,35.00,16.01,133.00,700.00
983.78,35.06,16.62,138.00,695.00
984.61,35.00,16.01,133.00,700.00
985.44,35.00,16.76,139.00,694.00
986.28,35.00,16.76,139.00,694.00
987.11,35.06,16.62,138.00,695.00
987.94,35.06,15.87,132.00,701.00
988.78,35.00,16.01,133.00,700.00
989.61,35.00,16.76,139.00,694.00
990.44,35.00,16.76,139.00,694.00
991.28,35.00,16.76,139.00,694.00
992.11,35.00,16.76,139.00,694.00
992.94,35.06,16.62,138.00,695.00
993.77,35.00,16.01,133.00,700.00
994.61,35.06,16.62,138.00,695.00
995.44,35.00,16.01,133.00,700.00
996.27,35.06,16.62,138.00,695.00
997.11,35.06,15.87,132.00,701.00
997.94,35.06,15.87,132.00,701.00
998.77,35.06,15.87,132.00,701.00
999.61,35.06,15.87,132.00,701.00
1000.44,35.06,15.87,132.00,701.00
1001.27,35.06,15.87,132.00,701.00
1002.10,35.06,15.86,132.00,701.00
1002.94,35.06,15.86,132.00,701.00
1003.77,35.06,15.86,132.00,701.00
1004.60,35.06,15.86,132.00,701.00
1005.44,35.06,15.86,132.00,701.00
1006.27,35.06,15.86,132.00,701.00
1007.10,35.06,15.86,132.00,701.00
1007.94,35.06,15.86,132.00,701.00
1008.77,35.06,15.86,132.00,701.00
1009.60,35.06,15.86,132.00,701.00
1010.43,35.06,15.86,132.00,701.00
1011.27,35.06,15.86,132.00,701.00
1012.10,35.06,15.86,132.00,701.00
1012.93,35.06,15.86,132.00,701.00
1013.77,35.06,15.86,132.00,701.00
1014.60,35.06,15.86,132.00,701.00
1015.43,35.06,15.86,132.00,701.00
1016.27,35.06,15.86,132.00,701.00
1017.10,35.06,15.86,132.00,701.00
1017.93,35.06,15.86,132.00,701.00
1018.77,35.06,15.86,132.00,701.00
1019.60,35.06,15.86,132.00,701.00
1020.43,35.06,15.86,132.00,701.00
1021.26,35.06,15.86,132.00,701.00
1022.10,35.06,15.86,132.00,701.00
1022.93,35.06,15.85,132.00,701.00
1023.76,35.06,15.85,132.00,701.00
1024.60,35.06,15.85,132.00,701.00
1025.43,35.06,15.85,132.00,701.00
1026.26,35.06,15.85,132.00,701.00
1027.10,35.06,15.85,132.00,701.00
1027.93,35.06,15.85,132.00,701.00
1028.76,35.06,15.85,132.00,701.00
1029.59,35.06,15.85,132.00,701.00
1030.43,35.06,15.85,132.00,701.00
1031.26,35.06,15.85,132.00,701.00
1032.09,35.06,15.85,132.00,701.00
1032.93,35.06,15.85,132.00,701.00
1033.76,35.06,15.85,132.00,701.00
1034.59,35.06,15.85,132.00,701.00
1035.43,35.06,15.85,132.00,701.00
1036.26,35.06,15.85,132.00,701.00
1037.09,35.06,15.85,132.00,701.00
1037.92,35.06,15.85,132.00,701.00
1038.76,35.06,15.85,132.00,701.00
1039.59,35.06,15.85,132.00,701.00
1040.42,35.06,15.85,131.00,702.00
1041.26,35.06,15.85,131.00,702.00
1042.09,35.06,15.85,131.00,702.00
1042.92,35.06,15.84,131.00,702.00
1043.76,35.06,15.84,131.00,702.00
1044.59,35.06,15.84,131.00,702.00
1045.42,35.06,15.84,131.00,702.00
1046.25,35.06,15.84,131.00,702.00
1047.09,35.06,15.84,131.00,702.00
1047.92,35.06,15.84,131.00,702.00
1048.75,35.06,15.84,131.00,702.00
1049.59,35.06,15.84,131.00,702.00
1050.42,35.06,15.84,131.00,702.00
1051.25,35.06,15.84,131.00,702.00
1052.09,35.06,15.84,131.00,702.00
1052.92,35.06,15.84,131.00,702.00
1053.75,35.06,15.84,131.00,702.00
1054.58,35.06,15.84,131.00,702.00
1055.42,35.06,15.84,131.00,702.00
1056.25,35.06,15.84,131.00,702.00
1057.08,35.06,15.84,131.00,702.00
1057.92,35.06,15.84,131.00,702.00
1058.75,35.06,15.84,131.00,702.00
1059.58,35.06,15.84,131.00,702.00
1060.42,35.06,15.84,131.00,702.00
1061.25,35.06,15.84,131.00,702.00
1062.08,35.06,15.84,131.00,702.00
1062.91,35.06,15.83,131.00,702.00
1063.75,35.06,15.83,131.00,702.00
1064.58,35.06,15.83,131.00,702.00
1065.41,35.06,15.83,131.00,702.00
1066.25,35.06,15.83,131.00,702.00
1067.08,35.06,15.83,131.00,702.00
1067.91,35.06,15.83,131.00,702.00
1068.75,35.06,15.83,131.00,702.00
1069.58,35.06,15.83,131.00,702.00
1070.41,35.06,15.83,131.00,702.00
1071.24,35.06,15.83,131.00,702.00
1072.08,35.06,15.83,131.00,702.00
1072.91,35.06,15.83,131.00,702.00
1073.74,35.06,15.83,131.00,702.00
1074.58,35.06,15.83,131.00,702.00
1075.41,35.06,15.83,131.00,702.00
1076.24,35.06,15.83,131.00,702.00
1077.08,35.06,15.83,131.00,702.00
1077.91,35.06,15.83,131.00,702.00
1078.74,35.06,15.83,131.00,702.00
1079.57,35.06,15.83,131.00,702.00
1080.41,35.06,15.83,131.00,702.00
1081.24,35.06,15.83,131.00,702.00
1082.07,35.06,15.83,131.00,702.00
1082.91,35.06,15.82,131.00,702.00
1083.74,35.06,15.82,131.00,702.00
1084.57,35.06,15.82,131.00,702.00
1085.41,35.06,15.82,131.00,702.00
1086.24,35.06,15.82,131.00,702.00
1087.07,35.06,15.82,131.00,702.00
1087.90,35.06,15.82,131.00,702.00
1088.74,35.06,15.82,131.00,702.00
1089.57,35.06,15.82,131.00,702.00
1090.40,35.06,15.82,131.00,702.00
1091.24,35.06,15.82,131.00,702.00
1092.07,35.06,15.82,131.00,702.00
1092.90,35.06,15.82,131.00,702.00
1093.74,35.06,15.82,131.00,702.00
1094.57,35.06,15.82,131.00,702.00
1095.40,35.06,15.82,131.00,702.00
1096.23,35.06,15.82,131.00,702.00
1097.07,35.06,15.82,131.00,702.00
1097.90,35.06,15.82,131.00,702.00
1098.73,35.06,15.82,131.00,702.00
1099.57,35.06,15.82,131.00,702.00
1100.40,35.06,15.82,131.00,702.00
1101.23,35.06,15.82,131.00,702.00
1102.07,35.06,15.82,131.00,702.00
1102.90,35.06,15.81,131.00,702.00
1103.73,35.06,15.81,131.00,702.00
1104.56,35.06,15.81,131.00,702.00
1105.40,35.06,15.81,131.00,702.00
1106.23,35.06,15.81,131.00,702.00
1107.06,35.06,15.81,131.00,702.00
1107.90,35.06,15.81,131.00,702.00
1108.73,35.06,15.81,131.00,702.00
1109.56,35.06,15.81,131.00,702.00
1110.40,35.06,15.81,131.00,702.00
1111.23,35.06,15.81,131.00,702.00
1112.06,35.06,15.81,131.00,702.00
1112.89,35.06,15.81,131.00,702.00
1113.73,35.06,15.81,131.00,702.00
1114.56,35.06,15.81,131.00,702.00
1115.39,35.06,15.81,131.00,702.00
1116.23,35.06,15.81,131.00,702.00
1117.06,35.06,15.81,131.00,702.00
1117.89,35.06,15.81,131.00,702.00
1118.73,35.06,15.81,131.00,702.00
1119.56,35.06,15.81,131.00,702.00
1120.39,35.06,15.81,131.00,702.00
1121.22,35.06,15.81,131.00,702.00
1122.06,35.06,15.81,131.00,702.00
1122.89,35.06,15.81,131.00,702.00
1123.72,35.06,15.80,131.00,702.00
1124.56,35.00,15.95,132.00,701.00
1125.39,35.06,16.55,137.00,696.00
1126.22,35.06,15.80,131.00,702.00
1127.06,35.06,15.80,131.00,702.00
1127.89,35.06,15.80,131.00,702.00
1128.72,35.06,15.80,131.00,702.00
1129.56,35.06,15.80,131.00,702.00
1130.39,35.06,15.80,131.00,702.00
1131.22,35.06,15.80,131.00,702.00
1132.05,35.06,15.80,131.00,702.00
1132.89,35.06,15.80,131.00,702.00
1133.72,35.06,15.80,131.00,702.00
1134.55,35.06,15.80,131.00,702.00
1135.39,35.06,15.80,131.00,702.00
1136.22,35.06,15.80,131.00,702.00
1137.05,35.06,15.80,131.00,702.00
1137.89,35.06,15.80,131.00,702.00
1138.72,35.06,15.80,131.00,702.00
1139.55,35.06,15.80,131.00,702.00
1140.38,35.06,15.80,131.00,702.00
1141.22,35.06,15.80,131.00,702.00
1142.05,35.06,15.80,131.00,702.00
1142.88,35.06,15.80,131.00,702.00
1143.72,35.06,15.80,131.00,702.00
1144.55,35.06,15.79,131.00,702.00
1145.38,35.06,15.79,131.00,702.00
1146.22,35.06,15.79,131.00,702.00
1147.05,35.06,15.79,131.00,702.00
1147.88,35.06,15.79,131.00,702.00
1148.71,35.06,15.79,131.00,702.00
1149.55,35.06,15.79,131.00,702.00
1150.38,35.06,15.79,131.00,702.00
1151.21,35.06,15.79,131.00,702.00
1152.05,35.06,15.79,131.00,702.00
1152.88,35.06,15.79,131.00,702.00
1153.71,35.06,15.79,131.00,702.00
1154.55,35.06,15.79,131.00,702.00
1155.38,35.06,15.79,131.00,702.00
1156.21,35.06,15.79,131.00,702.00
1157.04,35.06,15.79,131.00,702.00
1157.88,35.06,15.79,131.00,702.00
1158.71,35.06,15.79,131.00,702.00
1159.54,35.06,15.79,131.00,702.00
1160.38,35.06,15.79,131.00,702.00
1161.21,35.06,15.79,131.00,702.00
1162.04,35.06,15.79,131.00,702.00
1162.88,35.06,15.79,131.00,702.00
1163.71,35.06,15.79,131.00,702.00
1164.54,35.06,15.78,131.00,702.00
1165.37,35.06,15.78,131.00,702.00
1166.21,35.06,15.78,131.00,702.00
1167.04,35.06,15.78,131.00,702.00
1167.87,35.06,15.78,131.00,702.00
1168.71,35.06,15.78,131.00,702.00
1169.54,35.06,15.78,131.00,702.00
1170.37,35.06,15.78,131.00,702.00
1171.21,35.06,15.78,131.00,702.00
1172.04,35.06,15.78,131.00,702.00
1172.87,35.06,15.78,131.00,702.00
1173.70,35.06,15.78,131.00,702.00
1174.54,35.06,15.78,131.00,702.00
1175.37,35.06,15.78,131.00,702.00
1176.20,35.06,15.78,131.00,702.00
1177.04,35.06,15.78,131.00,702.00
1177.87,35.06,15.78,131.00,702.00
1178.70,35.06,15.78,131.00,702.00
1179.54,35.06,15.78,131.00,702.00
1180.37,35.06,15.78,131.00,702.00
1181.20,35.06,15.78,131.00,702.00
1182.03,35.06,15.78,131.00,702.00
1182.87,35.06,15.78,131.00,702.00
1183.70,35.06,15.78,131.00,702.00
1184.53,35.06,15.77,131.00,702.00
1185.37,35.06,15.77,131.00,702.00
1186.20,35.06,15.77,131.00,702.00
1187.03,35.06,15.77,131.00,702.00
1187.87,35.06,15.77,131.00,702.00
1188.70,35.06,15.77,131.00,702.00
1189.53,35.06,15.77,131.00,702.00
1190.36,35.06,15.77,131.00,702.00
1191.20,35.06,15.77,131.00,702.00
1192.03,35.06,15.77,131.00,702.00
1192.86,35.06,15.77,131.00,702.00
1193.70,35.06,15.77,131.00,702.00
1194.53,35.06,15.77,131.00,702.00
1195.36,35.06,15.77,131.00,702.00
1196.20,35.06,15.77,131.00,702.00
1197.03,35.06,15.77,131.00,702.00
1197.86,35.06,15.77,131.00,702.00
1198.69,35.06,15.77,131.00,702.00
1199.53,35.06,15.77,131.00,702.00
1200.36,35.06,15.77,131.00,702.00
1201.19,35.06,15.77,131.00,702.00
1202.03,35.06,15.77,131.00,702.00
1202.86,35.06,15.77,131.00,702.00
1203.69,35.06,15.77,131.00,702.00
1204.53,35.06,15.77,131.00,702.00
1205.36,35.06,15.76,131.00,702.00
1206.19,35.06,15.76,131.00,702.00
1207.02,35.06,15.76,131.00,702.00
1207.86,35.06,15.76,131.00,702.00
1208.69,35.06,15.76,131.00,702.00
1209.52,35.06,15.76,131.00,702.00
1210.36,35.06,15.76,131.00,702.00
1211.19,35.06,15.76,131.00,702.00
1212.02,35.06,15.76,131.00,702.00
1212.86,35.06,15.76,131.00,702.00
1213.69,35.06,15.76,131.00,702.00
1214.52,35.06,15.76,131.00,702.00
1215.35,35.06,15.76,131.00,702.00
1216.19,35.06,15.76,131.00,702.00
1217.02,35.06,15.76,131.00,702.00
1217.85,35.06,15.76,131.00,702.00
1218.69,35.06,15.76,131.00,702.00
1219.52,35.06,15.76,131.00,702.00
1220.35,35.06,15.76,131.00,702.00
1221.19,35.06,15.76,131.00,702.00
1222.02,35.06,15.76,131.00,702.00
1222.85,35.06,15.76,131.00,702.00
1223.68,35.06,15.76,131.00,702.00
1224.52,35.06,15.76,131.00,702.00
1225.35,35.06,15.75,131.00,702.00
1226.18,35.06,15.75,131.00,702.00
1227.02,35.06,15.75,131.00,702.00
1227.85,35.06,15.75,131.00,702.00
1228.68,35.06,15.75,131.00,702.00
1229.52,35.06,15.75,131.00,702.00
1230.35,35.06,15.75,131.00,702.00
1231.18,35.06,15.75,131.00,702.00
1232.02,35.06,15.75,131.00,702.00
1232.85,35.06,15.75,131.00,702.00
1233.68,35.06,15.75,131.00,702.00
1234.51,35.06,15.75,131.00,702.00
1235.35,35.06,15.75,131.00,702.00
1236.18,35.06,15.75,131.00,702.00
1237.01,35.06,15.75,131.00,702.00
1237.85,35.06,15.75,131.00,702.00
1238.68,35.06,15.75,131.00,702.00
1239.51,35.06,15.75,131.00,702.00
1240.35,35.06,15.75,131.00,702.00
1241.18,35.06,15.75,131.00,702.00
1242.01,35.06,15.75,131.00,702.00
1242.84,35.06,15.75,131.00,702.00
1243.68,35.06,15.75,131.00,702.00
1244.51,35.06,15.75,131.00,702.00
1245.34,35.06,15.74,131.00,702.00
1246.18,35.06,15.74,131.00,702.00
1247.01,35.06,15.74,131.00,702.00
1247.84,35.06,15.74,131.00,702.00
1248.68,35.06,15.74,131.00,702.00
1249.51,35.06,15.74,131.00,702.00
1250.34,35.06,15.74,131.00,702.00
1251.17,35.06,15.74,131.00,702.00
1252.01,35.06,15.74,131.00,702.00
1252.84,35.06,15.74,131.00,702.00
1253.67,35.06,15.74,131.00,702.00
1254.51,35.06,15.74,131.00,702.00
1255.34,35.06,15.74,131.00,702.00
1256.17,35.06,15.74,131.00,702.00
1257.01,35.06,15.74,131.00,702.00
1257.84,35.06,15.74,131.00,702.00
1258.67,35.06,15.74,131.00,702.00
1259.50,35.06,15.74,131.00,702.00
1260.34,35.06,15.74,131.00,702.00
1261.17,35.06,15.74,131.00,702.00
1262.00,35.06,15.74,131.00,702.00
1262.84,35.06,15.74,131.00,702.00
1263.67,35.06,15.74,131.00,702.00
1264.50,35.06,15.74,131.00,702.00
1265.34,35.06,15.73,131.00,702.00
1266.17,35.06,15.73,131.00,702.00
1267.00,35.06,15.73,131.00,702.00
1267.83,35.06,15.73,131.00,702.00
1268.67,35.06,15.73,131.00,702.00
1269.50,35.06,15.73,131.00,702.00
1270.33,35.06,15.73,131.00,702.00
1271.17,35.06,15.73,131.00,702.00
1272.00,35.06,15.73,131.00,702.00
1272.83,35.06,15.73,131.00,702.00
1273.67,35.06,15.73,131.00,702.00
1274.50,35.06,15.73,131.00,702.00
1275.33,35.06,15.73,131.00,702.00
1276.16,35.06,15.73,131.00,702.00
1277.00,35.06,15.73,131.00,702.00
1277.83,35.06,15.73,131.00,702.00
1278.66,35.06,15.73,131.00,702.00
1279.50,35.06,15.73,131.00,702.00
1280.33,35.06,15.73,131.00,702.00
1281.16,35.06,15.73,131.00,702.00
1282.00,35.06,15.73,131.00,702.00
1282.83,35.06,15.73,130.00,703.00
1283.66,35.06,15.73,130.00,703.00
1284.49,35.06,15.73,130.00,703.00
1285.33,35.06,15.73,130.00,703.00
1286.16,35.06,15.72,130.00,703.00
1286.99,35.06,15.72,130.00,703.00
1287.83,35.06,15.72,130.00,703.00
1288.66,35.06,15.72,130.00,703.00
1289.49,35.06,15.72,130.00,703.00
1290.33,35.06,15.72,130.00,703.00
1291.16,35.06,15.72,130.00,703.00
1291.99,35.06,15.72,130.00,703.00
1292.82,35.06,15.72,130.00,703.00
1293.66,35.06,15.72,130.00,703.00
1294.49,35.06,15.72,130.00,703.00
1295.32,35.06,15.72,130.00,703.00
1296.16,35.06,15.72,130.00,703.00
1296.99,35.06,15.72,130.00,703.00
1297.82,35.06,15.72,130.00,703.00
1298.66,35.06,15.72,130.00,703.00
1299.49,35.06,15.72,130.00,703.00
1300.32,35.06,15.72,130.00,703.00
1301.15,35.06,15.72,130.00,703.00
1301.99,35.06,15.72,130.00,703.00
1302.82,35.06,15.72,130.00,703.00
1303.65,35.06,15.72,130.00,703.00
1304.49,35.06,15.72,130.00,703.00
1305.32,35.06,15.72,130.00,703.00
1306.15,35.06,15.71,130.00,703.00
1306.99,35.06,15.71,130.00,703.00
1307.82,35.06,15.71,130.00,703.00
1308.65,35.06,15.71,130.00,703.00
1309.48,35.06,15.71,130.00,703.00
1310.32,35.06,15.71,130.00,703.00
1311.15,35.06,15.71,130.00,703.00
1311.98,35.06,15.71,130.00,703.00
1312.82,35.06,15.71,130.00,703.00
1313.65,35.06,15.71,130.00,703.00
1314.48,35.06,15.71,130.00,703.00
1315.32,35.06,15.71,130.00,703.00
1316.15,35.06,15.71,130.00,703.00
1316.98,35.06,15.71,130.00,703.00
1317.81,35.06,15.71,130.00,703.00
1318.65,35.06,15.71,130.00,703.00
1319.48,35.06,15.71,130.00,703.00
1320.31,35.06,15.71,130.00,703.00
1321.15,35.06,15.71,130.00,703.00
1321.98,35.06,15.71,130.00,703.00
1322.81,35.06,15.71,130.00,703.00
1323.65,35.06,15.71,130.00,703.00
1324.48,35.06,15.71,130.00,703.00
1325.31,35.06,15.71,130.00,703.00
1326.14,35.06,15.70,130.00,703.00
1326.98,35.06,15.70,130.00,703.00
1327.81,35.06,15.70,130.00,703.00
1328.64,35.06,15.70,130.00,703.00
1329.48,35.06,15.70,130.00,703.00
1330.31,35.06,15.70,130.00,703.00
1331.14,35.06,15.70,130.00,703.00
1331.98,35.06,15.70,130.00,703.00
1332.81,35.06,15.70,130.00,703.00
1333.64,35.06,15.70,130.00,703.00
1334.47,35.06,15.70,130.00,703.00
1335.31,35.06,15.70,130.00,703.00
1336.14,35.06,15.70,130.00,703.00
1336.97,35.06,15.70,130.00,703.00
1337.81,35.06,15.70,130.00,703.00
1338.64,35.06,15.70,130.00,703.00
1339.47,35.06,15.70,130.00,703.00
1340.31,35.06,15.70,130.00,703.00
1341.14,35.06,15.70,130.00,703.00
1341.97,35.06,15.70,130.00,703.00
1342.81,35.06,15.70,130.00,703.00
1343.64,35.06,15.70,130.00,703.00
1344.47,35.06,15.70,130.00,703.00
1345.30,35.06,15.70,130.00,703.00
1346.14,35.06,15.69,130.00,703.00
1346.97,35.06,15.69,130.00,703.00
1347.80,35.06,15.69,130.00,703.00
1348.64,35.06,15.69,130.00,703.00
1349.47,35.06,15.69,130.00,703.00
1350.30,35.06,15.69,130.00,703.00
1351.14,35.06,15.69,130.00,703.00
1351.97,35.06,15.69,130.00,703.00
1352.80,35.06,15.69,130.00,703.00
1353.63,35.06,15.69,130.00,703.00
1354.47,35.06,15.69,130.00,703.00
1355.30,35.06,15.69,130.00,703.00
1356.13,35.06,15.69,130.00,703.00
1356.97,35.06,15.69,130.00,703.00
1357.80,35.06,15.69,130.00,703.00
1358.63,35.06,15.69,130.00,703.00
1359.47,35.06,15.69,130.00,703.00
1360.30,35.06,15.69,130.00,703.00
1361.13,35.06,15.69,130.00,703.00
1361.96,35.06,15.69,130.00,703.00
1362.80,35.06,15.69,130.00,703.00
1363.63,35.06,15.69,130.00,703.00
1364.46,35.06,15.69,130.00,703.00
1365.30,35.06,15.69,130.00,703.00
1366.13,35.06,15.68,130.00,703.00
1366.96,35.06,15.68,130.00,703.00
1367.80,35.06,15.68,130.00,703.00
1368.63,35.06,15.68,130.00,703.00
1369.46,35.06,15.68,130.00,703.00
1370.29,35.06,15.68,130.00,703.00
1371.13,35.06,15.68,130.00,703.00
1371.96,35.13,15.54,129.00,704.00
1372.79,35.13,14.79,123.00,710.00
1373.63,35.13,14.79,123.00,710.00
1374.46,35.13,14.79,123.00,710.00
1375.29,35.13,14.79,123.00,710.00
1376.13,35.13,14.78,123.00,710.00
1376.96,35.13,14.78,123.00,710.00
1377.79,35.13,14.78,123.00,710.00
1378.62,35.13,14.78,123.00,710.00
1379.46,35.13,14.78,123.00,710.00
1380.29,35.06,14.92,124.00,709.00
1381.12,35.13,15.53,129.00,704.00
1381.96,35.13,14.78,123.00,710.00
1382.79,35.06,14.92,124.00,709.00
1383.62,35.13,15.53,129.00,704.00
1384.46,35.06,14.92,124.00,709.00
1385.29,35.06,15.67,130.00,703.00
1386.12,35.13,15.53,129.00,704.00
1386.95,35.13,14.78,123.00,710.00
1387.79,35.06,14.92,124.00,709.00
1388.62,35.13,15.52,129.00,704.00
1389.45,35.13,14.77,123.00,710.00
1390.29,35.13,14.77,123.00,710.00
1391.12,35.06,14.91,124.00,709.00
1391.95,35.13,15.52,129.00,704.00
1392.79,35.13,14.77,123.00,710.00
1393.62,35.13,14.77,123.00,710.00
1394.45,35.19,14.63,121.00,712.00
1395.28,35.19,13.87,115.00,718.00
1396.12,35.19,13.87,115.00,718.00
1396.95,35.19,13.87,115.00,718.00
1397.78,35.19,13.87,115.00,718.00
1398.62,35.19,13.87,115.00,718.00
1399.45,35.19,13.87,115.00,718.00
1400.28,35.19,13.87,115.00,718.00
1401.12,35.19,13.87,115.00,718.00
1401.95,35.19,13.86,115.00,718.00
1402.78,35.19,13.86,115.00,718.00
1403.61,35.19,13.86,115.00,718.00
1404.45,35.19,13.86,115.00,718.00
1405.28,35.19,13.86,115.00,718.00
1406.11,35.13,14.00,116.00,717.00
1406.95,35.13,14.75,122.00,711.00
1407.78,35.13,14.75,122.00,711.00
1408.61,35.13,14.75,122.00,711.00
1409.45,35.13,14.75,122.00,711.00
1410.28,35.13,14.75,122.00,711.00
1411.11,35.13,14.75,122.00,711.00
1411.94,35.13,14.75,122.00,711.00
1412.78,35.13,14.75,122.00,711.00
1413.61,35.13,14.74,122.00,711.00
1414.44,35.13,14.74,122.00,711.00
1415.28,35.13,14.74,122.00,711.00
1416.11,35.19,14.60,121.00,712.00
1416.94,35.19,13.85,115.00,718.00
1417.78,35.19,13.85,115.00,718.00
1418.61,35.19,13.84,115.00,718.00
1419.44,35.19,13.84,115.00,718.00
1420.27,35.13,13.99,116.00,717.00
1421.11,35.13,14.73,122.00,711.00
1421.94,35.13,14.73,122.00,711.00
1422.77,35.13,14.73,122.00,711.00
1423.61,35.13,14.73,122.00,711.00
1424.44,35.13,14.73,122.00,711.00
1425.27,35.13,14.73,122.00,711.00
1426.11,35.13,14.73,122.00,711.00
1426.94,35.13,14.73,122.00,711.00
1427.77,35.13,14.73,122.00,711.00
1428.60,35.13,14.73,122.00,711.00
1429.44,35.13,14.73,122.00,711.00
1430.27,35.13,14.73,122.00,711.00
1431.10,35.13,14.72,122.00,711.00
1431.94,35.13,14.72,122.00,711.00
1432.77,35.13,14.72,122.00,711.00
1433.60,35.13,14.72,122.00,711.00
1434.44,35.13,14.72,122.00,711.00
1435.27,35.13,14.72,122.00,711.00
1436.10,35.13,14.72,122.00,711.00
1436.93,35.13,14.72,122.00,711.00
1437.77,35.13,14.72,122.00,711.00
1438.60,35.13,14.72,122.00,711.00
1439.43,35.13,14.72,122.00,711.00
1440.27,35.13,14.72,122.00,711.00
1441.10,35.06,14.86,123.00,710.00
1441.93,35.06,15.61,130.00,703.00
1442.77,35.06,15.61,130.00,703.00
1443.60,35.06,15.61,130.00,703.00
1444.43,35.06,15.61,130.00,703.00
1445.27,35.06,15.61,129.00,704.00
1446.10,35.06,15.61,129.00,704.00
1446.93,35.06,15.61,129.00,704.00
1447.76,35.06,15.60,129.00,704.00
1448.60,35.06,15.60,129.00,704.00
1449.43,35.06,15.60,129.00,704.00
1450.26,35.06,15.60,129.00,704.00
1451.10,35.06,15.60,129.00,704.00
1451.93,35.06,15.60,129.00,704.00
1452.76,35.06,15.60,129.00,704.00
1453.60,35.06,15.60,129.00,704.00
1454.43,35.06,15.60,129.00,704.00
1455.26,35.06,15.60,129.00,704.00
1456.09,35.06,15.60,129.00,704.00
1456.93,35.06,15.60,129.00,704.00
1457.76,35.06,15.60,129.00,704.00
1458.59,35.06,15.60,129.00,704.00
1459.43,35.06,15.60,129.00,704.00
1460.26,35.06,15.60,129.00,704.00
1461.09,35.06,15.60,129.00,704.00
1461.93,35.06,15.60,129.00,704.00
1462.76,35.06,15.60,129.00,704.00
1463.59,35.06,15.60,129.00,704.00
1464.42,35.06,15.60,129.00,704.00
1465.26,35.06,15.60,129.00,704.00
1466.09,35.06,15.60,129.00,704.00
1466.92,35.06,15.60,129.00,704.00
1467.76,35.06,15.59,129.00,704.00
1468.59,35.06,15.59,129.00,704.00
1469.42,35.06,15.59,129.00,704.00
1470.26,35.06,15.59,129.00,704.00
1471.09,35.06,15.59,129.00,704.00
1471.92,35.06,15.59,129.00,704.00
1472.75,35.06,15.59,129.00,704.00
1473.59,35.06,15.59,129.00,704.00
1474.42,35.06,15.59,129.00,704.00
1475.25,35.06,15.59,129.00,704.00
1476.09,35.06,15.59,129.00,704.00
1476.92,35.06,15.59,129.00,704.00
1477.75,35.06,15.59,129.00,704.00
1478.59,35.06,15.59,129.00,704.00
1479.42,35.06,15.59,129.00,704.00
1480.25,35.06,15.59,129.00,704.00
1481.08,35.06,15.59,129.00,704.00
1481.92,35.06,15.59,129.00,704.00
1482.75,35.06,15.59,129.00,704.00
1483.58,35.06,15.59,129.00,704.00
1484.42,35.06,15.59,129.00,704.00
1485.25,35.06,15.59,129.00,704.00
1486.08,35.06,15.59,129.00,704.00
1486.92,35.06,15.59,129.00,704.00
1487.75,35.06,15.59,129.00,704.00
1488.58,35.06,15.58,129.00,704.00
1489.41,35.06,15.58,129.00,704.00
1490.25,35.06,15.58,129.00,704.00
1491.08,35.06,15.58,129.00,704.00
1491.91,35.06,15.58,129.00,704.00
1492.75,35.06,15.58,129.00,704.00
1493.58,35.06,15.58,129.00,704.00
1494.41,35.06,15.58,129.00,704.00
1495.25,35.06,15.58,129.00,704.00
1496.08,35.06,15.58,129.00,704.00
1496.91,35.06,15.58,129.00,704.00
1497.74,35.06,15.58,129.00,704.00
1498.58,35.06,15.58,129.00,704.00
1499.41,35.06,15.58,129.00,704.00
1500.24,35.06,15.58,129.00,704.00
1501.08,35.06,15.58,129.00,704.00
1501.91,35.06,15.58,129.00,704.00
1502.74,35.06,15.58,129.00,704.00
1503.58,35.06,15.58,129.00,704.00
1504.41,35.06,15.58,129.00,704.00
1505.24,35.06,15.58,129.00,704.00
1506.07,35.06,15.58,129.00,704.00
1506.91,35.06,15.58,129.00,704.00
1507.74,35.06,15.58,129.00,704.00
1508.57,35.06,15.57,129.00,704.00
1509.41,35.06,15.57,129.00,704.00
1510.24,35.06,15.57,129.00,704.00
1511.07,35.06,15.57,129.00,704.00
1511.91,35.06,15.57,129.00,704.00
1512.74,35.06,15.57,129.00,704.00
1513.57,35.06,15.57,129.00,704.00
1514.40,35.06,15.57,129.00,704.00
1515.24,35.06,15.57,129.00,704.00
1516.07,35.06,15.57,129.00,704.00
1516.90,35.06,15.57,129.00,704.00
1517.74,35.06,15.57,129.00,704.00
1518.57,35.06,15.57,129.00,704.00
1519.40,35.06,15.57,129.00,704.00
1520.24,35.06,15.57,129.00,704.00
1521.07,35.06,15.57,129.00,704.00
1521.90,35.06,15.57,129.00,704.00
1522.73,35.06,15.57,129.00,704.00
1523.57,35.06,15.57,129.00,704.00
1524.40,35.06,15.57,129.00,704.00
1525.23,35.06,15.57,129.00,704.00
1526.07,35.06,15.57,129.00,704.00
1526.90,35.06,15.57,129.00,704.00
1527.73,35.06,15.57,129.00,704.00
1528.57,35.06,15.56,129.00,704.00
1529.40,35.06,15.56,129.00,704.00
1530.23,35.06,15.56,129.00,704.00
1531.06,35.06,15.56,129.00,704.00
1531.90,35.06,15.56,129.00,704.00
1532.73,35.06,15.56,129.00,704.00
1533.56,35.06,15.56,129.00,704.00
1534.40,35.06,15.56,129.00,704.00
1535.23,35.06,15.56,129.00,704.00
1536.06,35.06,15.56,129.00,704.00
1536.90,35.06,15.56,129.00,704.00
1537.73,35.06,15.56,129.00,704.00
1538.56,35.06,15.56,129.00,704.00
1539.39,35.06,15.56,129.00,704.00
1540.23,35.06,15.56,129.00,704.00
1541.06,35.06,15.56,129.00,704.00
1541.89,35.06,15.56,129.00,704.00
1542.73,35.13,15.41,128.00,705.00
1543.56,35.13,14.66,122.00,711.00
1544.39,35.13,14.66,122.00,711.00
1545.23,35.13,14.66,122.00,711.00
1546.06,35.13,14.66,122.00,711.00
1546.89,35.13,14.66,122.00,711.00
1547.72,35.06,14.80,123.00,710.00
1548.56,35.06,15.55,129.00,704.00
1549.39,35.06,15.55,129.00,704.00
1550.22,35.06,15.55,129.00,704.00
1551.06,35.06,15.55,129.00,704.00
1551.89,35.06,15.55,129.00,704.00
1552.72,35.06,15.55,129.00,704.00
1553.56,35.06,15.55,129.00,704.00
1554.39,35.06,15.55,129.00,704.00
1555.22,35.06,15.55,129.00,704.00
1556.06,35.06,15.55,129.00,704.00
1556.89,35.06,15.55,129.00,704.00
1557.72,35.06,15.55,129.00,704.00
1558.55,35.06,15.55,129.00,704.00
1559.39,35.06,15.55,129.00,704.00
1560.22,35.06,15.55,129.00,704.00
1561.05,35.06,15.55,129.00,704.00
1561.89,35.06,15.55,129.00,704.00
1562.72,35.06,15.55,129.00,704.00
1563.55,35.06,15.55,129.00,704.00
1564.39,35.06,15.54,129.00,704.00
1565.22,35.06,15.54,129.00,704.00
1566.05,35.06,15.54,129.00,704.00
1566.88,35.06,15.54,129.00,704.00
1567.72,35.06,15.54,129.00,704.00
1568.55,35.06,15.54,129.00,704.00
1569.38,35.06,15.54,129.00,704.00
1570.22,35.06,15.54,129.00,704.00
1571.05,35.06,15.54,129.00,704.00
1571.88,35.06,15.54,129.00,704.00
1572.72,35.06,15.54,129.00,704.00
1573.55,35.06,15.54,129.00,704.00
1574.38,35.06,15.54,129.00,704.00
1575.21,35.06,15.54,129.00,704.00
1576.05,35.06,15.54,129.00,704.00
1576.88,35.06,15.54,129.00,704.00
1577.71,35.06,15.54,129.00,704.00
1578.55,35.06,15.54,129.00,704.00
1579.38,35.06,15.54,129.00,704.00
1580.21,35.06,15.54,129.00,704.00
1581.05,35.06,15.54,129.00,704.00
1581.88,35.06,15.54,129.00,704.00
1582.71,35.06,15.54,129.00,704.00
1583.54,35.06,15.54,129.00,704.00
1584.38,35.19,15.25,127.00,706.00
1585.21,35.25,13.60,113.00,720.00
1586.04,35.25,12.85,107.00,726.00
1586.88,35.25,12.85,107.00,726.00
1587.71,35.25,12.85,107.00,726.00
1588.54,35.31,12.70,105.00,728.00
1589.38,35.25,12.09,100.00,733.00
1590.21,35.25,12.84,106.00,727.00
1591.04,35.25,12.84,106.00,727.00
1591.87,35.25,12.84,106.00,727.00
1592.71,35.19,12.98,108.00,725.00
1593.54,35.19,13.73,114.00,719.00
1594.37,35.19,13.73,114.00,719.00
1595.21,35.19,13.73,114.00,719.00
1596.04,35.19,13.73,114.00,719.00
1596.87,35.13,13.87,115.00,718.00
1597.71,35.19,14.47,120.00,713.00
1598.54,35.19,13.72,114.00,719.00
1599.37,35.13,13.87,115.00,718.00
1600.20,35.13,14.61,121.00,712.00
1601.04,35.13,14.61,121.00,712.00
1601.87,35.13,14.61,121.00,712.00
1602.70,35.13,14.61,121.00,712.00
1603.54,35.13,14.61,121.00,712.00
1604.37,35.13,14.61,121.00,712.00
1605.20,35.13,14.61,121.00,712.00
1606.04,35.19,14.47,120.00,713.00
1606.87,35.19,13.71,114.00,719.00
1607.70,35.19,13.71,114.00,719.00
1608.53,35.13,13.85,115.00,718.00
1609.37,35.13,14.60,121.00,712.00
1610.20,35.13,14.60,121.00,712.00
1611.03,35.13,14.60,121.00,712.00
1611.87,35.19,14.46,120.00,713.00
1612.70,35.19,13.71,114.00,719.00
1613.53,35.19,13.71,114.00,719.00
1614.37,35.19,13.70,114.00,719.00
1615.20,35.19,13.70,114.00,719.00
1616.03,35.19,13.70,114.00,719.00
1616.86,35.19,13.70,114.00,719.00
1617.70,35.19,13.70,114.00,719.00
1618.53,35.19,13.70,114.00,719.00
1619.36,35.19,13.70,114.00,719.00
1620.20,35.19,13.70,114.00,719.00
1621.03,35.19,13.69,114.00,719.00
1621.86,35.19,13.69,114.00,719.00
1622.70,35.13,13.84,115.00,718.00
1623.53,35.13,14.58,121.00,712.00
1624.36,35.13,14.58,121.00,712.00
1625.19,35.13,14.58,121.00,712.00
1626.03,35.13,14.58,121.00,712.00
1626.86,35.13,14.58,121.00,712.00
1627.69,35.13,14.58,121.00,712.00
1628.53,35.13,14.58,121.00,712.00
1629.36,35.13,14.58,121.00,712.00
1630.19,35.13,14.58,121.00,712.00
1631.03,35.13,14.58,121.00,712.00
1631.86,35.13,14.58,121.00,712.00
1632.69,35.13,14.58,121.00,712.00
1633.52,35.13,14.57,121.00,712.00
1634.36,35.13,14.57,121.00,712.00
1635.19,35.13,14.57,121.00,712.00
1636.02,35.13,14.57,121.00,712.00
1636.86,35.13,14.57,121.00,712.00
1637.69,35.06,14.71,122.00,711.00
1638.52,35.13,15.32,127.00,706.00
1639.36,35.13,14.57,121.00,712.00
1640.19,35.06,14.71,122.00,711.00
1641.02,35.13,15.32,127.00,706.00
1641.85,35.06,14.71,122.00,711.00
1642.69,35.13,15.32,127.00,706.00
1643.52,35.06,14.71,122.00,711.00
1644.35,35.06,15.46,128.00,705.00
1645.19,35.06,15.46,128.00,705.00
1646.02,35.06,15.46,128.00,705.00
1646.85,35.06,15.46,128.00,705.00
1647.69,35.06,15.46,128.00,705.00
1648.52,35.06,15.46,128.00,705.00
1649.35,35.06,15.46,128.00,705.00
1650.18,35.06,15.46,128.00,705.00
1651.02,35.06,15.46,128.00,705.00
1651.85,35.06,15.46,128.00,705.00
1652.68,35.06,15.45,128.00,705.00
1653.52,35.06,15.45,128.00,705.00
1654.35,35.06,15.45,128.00,705.00
1655.18,35.06,15.45,128.00,705.00
1656.02,35.06,15.45,128.00,705.00
1656.85,35.06,15.45,128.00,705.00
1657.68,35.06,15.45,128.00,705.00
1658.52,35.06,15.45,128.00,705.00
1659.35,35.06,15.45,128.00,705.00
1660.18,35.06,15.45,128.00,705.00
1661.01,35.06,15.45,128.00,705.00
1661.85,35.06,15.45,128.00,705.00
1662.68,35.06,15.45,128.00,705.00
1663.51,35.06,15.45,128.00,705.00
1664.35,35.06,15.45,128.00,705.00
1665.18,35.06,15.45,128.00,705.00
1666.01,35.06,15.45,128.00,705.00
1666.85,35.06,15.45,128.00,705.00
1667.68,35.06,15.45,128.00,705.00
1668.51,35.06,15.45,128.00,705.00
1669.34,35.06,15.45,128.00,705.00
1670.18,35.06,15.45,128.00,705.00
1671.01,35.06,15.45,128.00,705.00
1671.84,35.06,15.45,128.00,705.00
1672.68,35.06,15.45,128.00,705.00
1673.51,35.06,15.44,128.00,705.00
1674.34,35.13,15.30,127.00,706.00
1675.18,35.06,14.69,122.00,711.00
1676.01,35.06,15.44,128.00,705.00
1676.84,35.06,15.44,128.00,705.00
1677.67,35.06,15.44,128.00,705.00
1678.51,35.06,15.44,128.00,705.00
1679.34,35.13,15.30,127.00,706.00
1680.17,35.13,14.55,121.00,712.00
1681.01,35.13,14.55,121.00,712.00
1681.84,35.13,14.55,121.00,712.00
1682.67,35.13,14.54,121.00,712.00
1683.51,35.13,14.54,121.00,712.00
1684.34,35.13,14.54,121.00,712.00
1685.17,35.13,14.54,121.00,712.00
1686.00,35.13,14.54,121.00,712.00
1686.84,35.13,14.54,121.00,712.00
1687.67,35.13,14.54,121.00,712.00
1688.50,35.13,14.54,121.00,712.00
1689.34,35.13,14.54,121.00,712.00
1690.17,35.13,14.54,121.00,712.00
1691.00,35.13,14.54,121.00,712.00
1691.84,35.13,14.54,121.00,712.00
1692.67,35.13,14.53,121.00,712.00
1693.50,35.13,14.53,121.00,712.00
1694.33,35.19,14.39,119.00,714.00
1695.17,35.19,13.64,113.00,720.00
1696.00,35.19,13.64,113.00,720.00
1696.83,35.19,13.64,113.00,720.00
1697.67,35.19,13.64,113.00,720.00
1698.50,35.13,13.78,114.00,719.00
1699.33,35.13,14.53,121.00,712.00
1700.17,35.13,14.53,120.00,713.00
1701.00,35.19,14.38,119.00,714.00
1701.83,35.13,13.77,114.00,719.00
1702.66,35.13,14.52,120.00,713.00
1703.50,35.13,14.52,120.00,713.00
1704.33,35.13,14.52,120.00,713.00
1705.16,35.13,14.52,120.00,713.00
1706.00,35.13,14.52,120.00,713.00
1706.83,35.13,14.52,120.00,713.00
1707.66,35.13,14.52,120.00,713.00
1708.50,35.13,14.52,120.00,713.00
1709.33,35.13,14.52,120.00,713.00
1710.16,35.13,14.52,120.00,713.00
1710.99,35.13,14.51,120.00,713.00
1711.83,35.06,14.66,122.00,711.00
1712.66,35.06,15.41,128.00,705.00
1713.49,35.06,15.41,128.00,705.00
1714.33,35.06,15.41,128.00,705.00
1715.16,35.06,15.41,128.00,705.00
1715.99,35.06,15.40,128.00,705.00
1716.83,35.06,15.40,128.00,705.00
1717.66,35.06,15.40,128.00,705.00
1718.49,35.06,15.40,128.00,705.00
1719.32,35.06,15.40,128.00,705.00
1720.16,35.06,15.40,128.00,705.00
1720.99,35.06,15.40,128.00,705.00
1721.82,35.06,15.40,128.00,705.00
1722.66,35.06,15.40,128.00,705.00
1723.49,35.06,15.40,128.00,705.00
1724.32,35.06,15.40,128.00,705.00
1725.16,35.06,15.40,128.00,705.00
1725.99,35.06,15.40,128.00,705.00
1726.82,35.06,15.40,128.00,705.00
1727.65,35.06,15.40,128.00,705.00
1728.49,35.06,15.40,128.00,705.00
1729.32,35.06,15.40,128.00,705.00
1730.15,35.06,15.40,128.00,705.00
1730.99,35.06,15.40,128.00,705.00
1731.82,35.06,15.40,128.00,705.00
1732.65,35.06,15.40,128.00,705.00
1733.49,35.06,15.40,128.00,705.00
1734.32,35.06,15.40,128.00,705.00
1735.15,35.06,15.40,128.00,705.00
1735.98,35.06,15.39,128.00,705.00
1736.82,35.06,15.39,128.00,705.00
1737.65,35.06,15.39,128.00,705.00
1738.48,35.06,15.39,128.00,705.00
1739.32,35.06,15.39,128.00,705.00
1740.15,35.06,15.39,128.00,705.00
1740.98,35.06,15.39,128.00,705.00
1741.82,35.06,15.39,128.00,705.00
1742.65,35.06,15.39,128.00,705.00
1743.48,35.06,15.39,128.00,705.00
1744.31,35.06,15.39,128.00,705.00
1745.15,35.06,15.39,128.00,705.00
1745.98,35.06,15.39,128.00,705.00
1746.81,35.06,15.39,128.00,705.00
1747.65,35.06,15.39,128.00,705.00
1748.48,35.06,15.39,128.00,705.00
1749.31,35.06,15.39,128.00,705.00
1750.15,35.06,15.39,128.00,705.00
1750.98,35.06,15.39,128.00,705.00
1751.81,35.06,15.39,128.00,705.00
1752.64,35.06,15.39,128.00,705.00
1753.48,35.06,15.39,128.00,705.00
1754.31,35.06,15.39,128.00,705.00
1755.14,35.06,15.39,128.00,705.00
1755.98,35.06,15.38,128.00,705.00
1756.81,35.06,15.38,128.00,705.00
1757.64,35.06,15.38,128.00,705.00
1758.48,35.06,15.38,128.00,705.00
1759.31,35.06,15.38,128.00,705.00
1760.14,35.06,15.38,128.00,705.00
1760.97,35.06,15.38,128.00,705.00
1761.81,35.06,15.38,128.00,705.00
1762.64,35.06,15.38,128.00,705.00
1763.47,35.06,15.38,128.00,705.00
1764.31,35.06,15.38,128.00,705.00
1765.14,35.06,15.38,128.00,705.00
1765.97,35.06,15.38,128.00,705.00
1766.81,35.06,15.38,128.00,705.00
1767.64,35.06,15.38,128.00,705.00
1768.47,35.06,15.38,128.00,705.00
1769.31,35.06,15.38,128.00,705.00
1770.14,35.06,15.38,128.00,705.00
1770.97,35.06,15.38,128.00,705.00
1771.80,35.06,15.38,128.00,705.00
1772.64,35.06,15.38,128.00,705.00
1773.47,35.06,15.38,128.00,705.00
1774.30,35.06,15.38,128.00,705.00
1775.14,35.06,15.38,128.00,705.00
1775.97,35.06,15.37,128.00,705.00
1776.80,35.06,15.37,128.00,705.00
1777.64,35.06,15.37,128.00,705.00
1778.47,35.06,15.37,128.00,705.00
1779.30,35.06,15.37,128.00,705.00
1780.13,35.06,15.37,128.00,705.00
1780.97,35.06,15.37,128.00,705.00
1781.80,35.06,15.37,128.00,705.00
1782.63,35.06,15.37,128.00,705.00
1783.47,35.06,15.37,128.00,705.00
1784.30,35.06,15.37,128.00,705.00
1785.13,35.06,15.37,128.00,705.00
1785.97,35.06,15.37,128.00,705.00
1786.80,35.06,15.37,128.00,705.00
1787.63,35.06,15.37,128.00,705.00
1788.46,35.06,15.37,128.00,705.00
1789.30,35.06,15.37,128.00,705.00
1790.13,35.06,15.37,128.00,705.00
1790.96,35.06,15.37,128.00,705.00
1791.80,35.06,15.37,128.00,705.00
